person,group,controller,seed,expected_risk,survival_14,survival_30,survival_90,survival_140,survival_180,relapse_before_zero,reached_zero_then_relapsed,median_relapse_day,lapses_before_relapse,v1_expected_risk,zero_day,step_backs
H51-009,difficult,traditional,0,1.0,0.274,0.018000000000000016,0.0,0.0,0.0,1.0,nan,10.0,5.0,0.7613137785971873,161,1
H51-009,difficult,traditional,1,1.0,0.29000000000000004,0.018000000000000016,0.0,0.0,0.0,1.0,nan,10.0,5.0,0.5253599168468592,168,1
H51-009,difficult,traditional,2,1.0,0.398,0.052000000000000046,0.0,0.0,0.0,1.0,nan,11.0,5.0,0.6444022012711232,168,1
H51-012,difficult,traditional,0,1.0,0.15600000000000003,0.0020000000000000018,0.0,0.0,0.0,1.0,nan,7.0,5.0,0.14470153492752003,168,1
H51-012,difficult,traditional,1,1.0,0.21399999999999997,0.0040000000000000036,0.0,0.0,0.0,1.0,nan,9.0,5.0,0.10557934379254197,161,0
H51-012,difficult,traditional,2,1.0,0.266,0.020000000000000018,0.0,0.0,0.0,1.0,nan,10.0,5.0,0.07389011667209489,147,1
H51-017,difficult,traditional,0,1.0,0.78,0.42400000000000004,0.03600000000000003,0.0,0.0,1.0,nan,26.0,5.0,0.36900490051210566,154,1
H51-017,difficult,traditional,1,1.0,0.876,0.55,0.04400000000000004,0.0040000000000000036,0.0,1.0,nan,33.0,5.0,0.36952824183009714,168,0
H51-017,difficult,traditional,2,1.0,0.75,0.362,0.02400000000000002,0.0,0.0,1.0,nan,21.0,5.0,0.7420299050609254,154,0
H51-021,difficult,traditional,0,1.0,0.878,0.622,0.12,0.010000000000000009,0.0,0.996,1.0,39.0,6.0,0.6432228672049458,168,2
H51-021,difficult,traditional,1,1.0,0.918,0.694,0.18600000000000005,0.05800000000000005,0.0020000000000000018,0.984,1.0,46.0,6.0,0.08156677787479916,168,1
H51-021,difficult,traditional,2,1.0,0.898,0.6779999999999999,0.04200000000000004,0.006000000000000005,0.0,0.99,1.0,41.0,6.0,0.28715593643322224,133,0
H51-023,difficult,traditional,0,1.0,0.902,0.694,0.15800000000000003,0.02400000000000002,0.0,0.992,1.0,43.0,6.0,0.803229225846702,168,0
H51-023,difficult,traditional,1,1.0,0.928,0.748,0.136,0.016000000000000014,0.0,0.994,1.0,52.0,6.0,0.7659463498698394,161,0
H51-023,difficult,traditional,2,1.0,0.856,0.6,0.09599999999999997,0.0040000000000000036,0.0,0.998,1.0,37.0,6.0,0.925284211040349,147,1
H51-024,difficult,traditional,0,1.0,0.926,0.77,0.29000000000000004,0.12,0.0020000000000000018,0.914,1.0,58.5,6.0,0.35988790062003306,154,0
H51-024,difficult,traditional,1,1.0,0.944,0.744,0.252,0.06599999999999995,0.0,0.982,1.0,56.0,6.0,0.3765022533090162,161,2
H51-024,difficult,traditional,2,1.0,0.896,0.706,0.20199999999999996,0.026000000000000023,0.0,0.984,1.0,52.0,6.0,0.5142040191594573,147,0
H51-025,difficult,traditional,0,1.0,0.962,0.868,0.45599999999999996,0.21599999999999997,0.0020000000000000018,0.798,1.0,80.5,7.0,0.846432528473017,147,0
H51-025,difficult,traditional,1,1.0,0.96,0.85,0.46399999999999997,0.20199999999999996,0.026000000000000023,0.882,1.0,82.5,7.0,0.5377119728355542,168,1
H51-025,difficult,traditional,2,1.0,0.95,0.8260000000000001,0.276,0.07399999999999995,0.0,0.96,1.0,66.0,6.0,0.6982204736736313,154,0
H51-033,difficult,traditional,0,1.0,0.634,0.31000000000000005,0.0040000000000000036,0.0,0.0,1.0,nan,19.0,5.0,0.45092208173806547,133,1
H51-033,difficult,traditional,1,1.0,0.46599999999999997,0.08599999999999997,0.0020000000000000018,0.0,0.0,1.0,nan,13.0,5.0,0.7023595903004747,140,1
H51-033,difficult,traditional,2,1.0,0.732,0.29600000000000004,0.006000000000000005,0.0,0.0,1.0,nan,22.0,5.0,0.39620300716754486,168,0
H51-034,difficult,traditional,0,1.0,0.9359999999999999,0.784,0.27,0.052000000000000046,0.0,0.908,1.0,58.0,6.0,0.25112288523858983,133,0
H51-034,difficult,traditional,1,1.0,0.914,0.7,0.17600000000000005,0.06399999999999995,0.006000000000000005,0.972,1.0,45.0,6.0,0.7136640197981396,168,1
H51-034,difficult,traditional,2,1.0,0.9,0.6619999999999999,0.18000000000000005,0.050000000000000044,0.0020000000000000018,0.92,1.0,43.0,6.0,0.3384720923892246,133,1
H51-037,difficult,traditional,0,0.998,0.992,0.9319999999999999,0.638,0.45999999999999996,0.258,0.598,0.9950248756218906,126.0,8.0,0.40201273111767244,168,2
H51-037,difficult,traditional,1,1.0,0.984,0.898,0.6,0.4,0.08199999999999996,0.63,1.0,118.0,8.0,0.07588569589147498,154,1
H51-037,difficult,traditional,2,1.0,0.984,0.904,0.606,0.384,0.15400000000000003,0.68,1.0,114.0,8.0,0.4059029848357001,168,2
H51-044,difficult,traditional,0,1.0,0.9,0.608,0.10399999999999998,0.014000000000000012,0.0,0.994,1.0,37.0,6.0,0.22962460200340495,168,0
H51-044,difficult,traditional,1,1.0,0.866,0.5700000000000001,0.04600000000000004,0.014000000000000012,0.0,1.0,nan,34.0,5.0,0.726689200664276,168,1
H51-044,difficult,traditional,2,1.0,0.792,0.43799999999999994,0.03200000000000003,0.0,0.0,1.0,nan,26.0,5.0,0.7931597689189658,168,1
H51-062,difficult,traditional,0,0.976,0.992,0.97,0.794,0.6839999999999999,0.242,0.418,0.9587628865979382,173.0,8.0,0.2503081243292028,168,1
H51-062,difficult,traditional,1,1.0,0.986,0.9339999999999999,0.552,0.33399999999999996,0.026000000000000023,0.758,1.0,96.0,7.0,0.149866337069269,161,0
H51-062,difficult,traditional,2,0.998,0.996,0.922,0.626,0.22799999999999998,0.018000000000000016,0.802,0.98989898989899,101.0,7.0,0.11299802551605886,147,0
H51-064,difficult,traditional,0,1.0,0.938,0.81,0.20599999999999996,0.026000000000000023,0.0,0.994,1.0,56.0,6.0,0.21412137527771902,168,0
H51-064,difficult,traditional,1,1.0,0.94,0.782,0.25,0.020000000000000018,0.0,0.98,1.0,69.0,6.0,0.14818025157786785,140,0
H51-064,difficult,traditional,2,1.0,0.94,0.836,0.502,0.276,0.040000000000000036,0.83,1.0,90.0,7.0,0.08640258966846848,168,2
H51-068,difficult,traditional,0,1.0,0.924,0.646,0.14400000000000002,0.014000000000000012,0.0,0.996,1.0,44.5,6.0,0.7472708213451468,168,2
H51-068,difficult,traditional,1,1.0,0.9,0.692,0.124,0.0040000000000000036,0.0,0.998,1.0,45.0,6.0,0.29725243142603197,161,1
H51-068,difficult,traditional,2,1.0,0.838,0.5860000000000001,0.09199999999999997,0.028000000000000025,0.0020000000000000018,0.994,1.0,38.0,6.0,0.3141747982016876,168,1
H51-078,difficult,traditional,0,0.996,0.978,0.912,0.626,0.396,0.124,0.658,0.9883040935672515,115.0,8.0,0.13155041041920523,161,0
H51-078,difficult,traditional,1,0.996,0.984,0.912,0.616,0.44599999999999995,0.14,0.654,0.9884393063583815,126.0,8.0,0.07546009838183265,168,2
H51-078,difficult,traditional,2,1.0,0.98,0.9299999999999999,0.654,0.30800000000000005,0.038000000000000034,0.808,1.0,112.5,8.0,0.07327078063667114,168,2
H51-086,difficult,traditional,0,1.0,0.89,0.5780000000000001,0.07999999999999996,0.0,0.0,0.988,1.0,35.0,6.0,0.4382537750768535,126,0
H51-086,difficult,traditional,1,1.0,0.89,0.642,0.14800000000000002,0.040000000000000036,0.0020000000000000018,0.984,1.0,42.0,6.0,0.48642745442091906,168,2
H51-086,difficult,traditional,2,1.0,0.918,0.6659999999999999,0.15400000000000003,0.04600000000000004,0.0020000000000000018,0.982,1.0,43.0,6.0,0.4070510239840862,168,1
H51-088,difficult,traditional,0,1.0,0.964,0.832,0.488,0.242,0.010000000000000009,0.868,1.0,88.0,7.0,0.20519676036557322,168,1
H51-088,difficult,traditional,1,0.998,0.978,0.916,0.6699999999999999,0.43799999999999994,0.09799999999999998,0.592,0.9950980392156863,124.0,8.0,0.11865227647989962,147,1
H51-088,difficult,traditional,2,1.0,0.966,0.898,0.522,0.31599999999999995,0.050000000000000044,0.788,1.0,93.0,7.0,0.16557037158736243,168,1
H51-090,difficult,traditional,0,1.0,0.966,0.878,0.43400000000000005,0.16000000000000003,0.0040000000000000036,0.91,1.0,79.0,7.0,0.5744956136390553,161,0
H51-090,difficult,traditional,1,1.0,0.97,0.852,0.344,0.126,0.0,0.884,1.0,69.5,7.0,0.8005050719583096,147,0
H51-090,difficult,traditional,2,1.0,0.96,0.85,0.43000000000000005,0.17800000000000005,0.01200000000000001,0.916,1.0,80.0,7.0,0.6920080522779588,168,2
H51-093,difficult,traditional,0,1.0,0.976,0.796,0.118,0.008000000000000007,0.0,0.998,1.0,50.0,6.0,0.5123233458264171,168,0
H51-093,difficult,traditional,1,1.0,0.954,0.8160000000000001,0.42600000000000005,0.134,0.0,0.982,1.0,80.0,7.0,0.5663854893153071,168,1
H51-093,difficult,traditional,2,1.0,0.966,0.904,0.28600000000000003,0.06399999999999995,0.0,0.936,1.0,66.0,6.0,0.44047803742040725,140,0
H51-099,difficult,traditional,0,1.0,0.846,0.5760000000000001,0.09999999999999998,0.02200000000000002,0.0020000000000000018,0.992,1.0,35.0,5.0,0.5724351539364245,168,2
H51-099,difficult,traditional,1,1.0,0.85,0.624,0.12,0.02400000000000002,0.0020000000000000018,0.992,1.0,38.0,6.0,0.7622590333903094,168,1
H51-099,difficult,traditional,2,1.0,0.87,0.5880000000000001,0.08199999999999996,0.0,0.0,0.988,1.0,36.0,6.0,0.4893588077861313,126,0
H51-103,difficult,traditional,0,1.0,0.944,0.748,0.18799999999999994,0.050000000000000044,0.0,0.978,1.0,51.0,6.0,0.700922024231489,161,0
H51-103,difficult,traditional,1,1.0,0.922,0.734,0.22999999999999998,0.06599999999999995,0.006000000000000005,0.972,1.0,49.0,6.0,0.7441180998313072,168,1
H51-103,difficult,traditional,2,1.0,0.922,0.75,0.22799999999999998,0.07599999999999996,0.008000000000000007,0.956,1.0,49.0,6.0,0.9041745679490681,161,1
H51-104,difficult,traditional,0,1.0,0.944,0.786,0.37,0.124,0.014000000000000012,0.936,1.0,69.0,7.0,0.8769685741395279,168,0
H51-104,difficult,traditional,1,1.0,0.956,0.796,0.34199999999999997,0.19999999999999996,0.04800000000000004,0.85,1.0,62.0,7.0,0.43925143896894536,168,1
H51-104,difficult,traditional,2,1.0,0.976,0.852,0.398,0.14400000000000002,0.0040000000000000036,0.892,1.0,78.0,7.0,0.7367622544408352,154,0
H51-105,difficult,traditional,0,1.0,0.832,0.546,0.05800000000000005,0.006000000000000005,0.0,1.0,nan,34.0,5.0,0.5969894599447998,168,1
H51-105,difficult,traditional,1,1.0,0.896,0.594,0.05400000000000005,0.0,0.0,0.998,1.0,38.0,6.0,0.6286303277767653,133,1
H51-105,difficult,traditional,2,1.0,0.904,0.5920000000000001,0.16000000000000003,0.03200000000000003,0.0,0.982,1.0,37.0,6.0,0.4068767893651699,168,1
H51-106,difficult,traditional,0,1.0,0.96,0.864,0.55,0.32999999999999996,0.07999999999999996,0.76,1.0,100.0,7.0,0.8184130717439067,168,1
H51-106,difficult,traditional,1,1.0,0.978,0.884,0.538,0.30800000000000005,0.08599999999999997,0.766,1.0,95.0,7.0,0.5515613777536146,168,2
H51-106,difficult,traditional,2,1.0,0.928,0.75,0.16400000000000003,0.014000000000000012,0.0,0.992,1.0,52.5,6.0,0.7561458023706964,154,0
H51-108,difficult,traditional,0,1.0,0.6699999999999999,0.236,0.0,0.0,0.0,1.0,nan,19.0,5.0,0.8383833010978604,168,2
H51-108,difficult,traditional,1,1.0,0.526,0.17400000000000004,0.0,0.0,0.0,1.0,nan,14.0,5.0,0.8497771645414954,161,1
H51-108,difficult,traditional,2,1.0,0.644,0.248,0.006000000000000005,0.0,0.0,1.0,nan,17.0,5.0,0.4353800890504258,154,2
H51-112,difficult,traditional,0,1.0,0.894,0.616,0.08599999999999997,0.014000000000000012,0.0,0.994,1.0,36.0,5.0,0.1079149431567884,161,2
H51-112,difficult,traditional,1,1.0,0.8160000000000001,0.484,0.028000000000000025,0.0020000000000000018,0.0,1.0,nan,28.0,5.0,0.07635154085050111,168,1
H51-112,difficult,traditional,2,1.0,0.928,0.83,0.31200000000000006,0.10999999999999999,0.0020000000000000018,0.89,1.0,64.0,6.0,0.07300668586782189,140,0
H51-119,difficult,traditional,0,1.0,0.938,0.6619999999999999,0.22799999999999998,0.030000000000000027,0.0,0.994,1.0,44.0,6.0,0.3078585448420854,161,2
H51-119,difficult,traditional,1,1.0,0.924,0.736,0.20799999999999996,0.020000000000000018,0.0,0.942,1.0,51.0,6.0,0.40631041795582057,133,1
H51-119,difficult,traditional,2,1.0,0.91,0.716,0.06599999999999995,0.0020000000000000018,0.0,0.998,1.0,39.0,6.0,0.5348084617942586,140,0
H51-128,difficult,traditional,0,1.0,0.854,0.524,0.04800000000000004,0.010000000000000009,0.0,0.994,1.0,32.0,5.0,0.8537415845822952,154,1
H51-128,difficult,traditional,1,1.0,0.778,0.32799999999999996,0.02400000000000002,0.0020000000000000018,0.0,1.0,nan,21.0,5.0,0.628843613538157,154,0
H51-128,difficult,traditional,2,1.0,0.924,0.628,0.10999999999999999,0.02200000000000002,0.0020000000000000018,0.99,1.0,39.0,6.0,0.6015257042254494,168,1
H51-134,difficult,traditional,0,1.0,0.968,0.908,0.516,0.27,0.04400000000000004,0.848,1.0,92.0,7.0,0.6631854353733208,168,1
H51-134,difficult,traditional,1,1.0,0.986,0.896,0.528,0.22399999999999998,0.028000000000000025,0.876,1.0,92.0,7.0,0.24846271773644224,168,0
H51-134,difficult,traditional,2,1.0,0.91,0.772,0.33199999999999996,0.07799999999999996,0.0040000000000000036,0.978,1.0,71.0,6.0,0.5801913065986618,168,0
H51-143,difficult,traditional,0,1.0,0.626,0.19999999999999996,0.0,0.0,0.0,1.0,nan,16.0,5.0,0.08691726957954926,168,0
H51-143,difficult,traditional,1,1.0,0.75,0.254,0.0,0.0,0.0,1.0,nan,22.0,5.0,0.1310118953046271,168,1
H51-143,difficult,traditional,2,1.0,0.71,0.348,0.0,0.0,0.0,1.0,nan,21.5,5.0,0.10305331687141206,168,1
H51-144,difficult,traditional,0,1.0,0.81,0.522,0.03600000000000003,0.0020000000000000018,0.0,0.998,1.0,31.5,5.0,0.18710443424810375,140,0
H51-144,difficult,traditional,1,1.0,0.804,0.404,0.03400000000000003,0.0040000000000000036,0.0,0.996,1.0,25.0,5.0,0.07297097552929166,140,1
H51-144,difficult,traditional,2,1.0,0.864,0.598,0.06799999999999995,0.018000000000000016,0.0020000000000000018,0.992,1.0,34.0,5.0,0.110656264889475,168,1
H51-145,difficult,traditional,0,1.0,0.964,0.8240000000000001,0.374,0.19199999999999995,0.028000000000000025,0.88,1.0,72.0,7.0,0.6585228233580371,168,2
H51-145,difficult,traditional,1,1.0,0.9299999999999999,0.75,0.22199999999999998,0.028000000000000025,0.0,0.982,1.0,54.0,6.0,0.3522534048874185,147,0
H51-145,difficult,traditional,2,1.0,0.9319999999999999,0.756,0.19399999999999995,0.04400000000000004,0.0040000000000000036,0.974,1.0,49.0,6.0,0.3229585412541026,168,1
H51-148,difficult,traditional,0,1.0,0.922,0.74,0.19999999999999996,0.018000000000000016,0.0,0.982,1.0,56.0,6.0,0.11104653652311947,140,0
H51-148,difficult,traditional,1,1.0,0.964,0.844,0.33799999999999997,0.14,0.050000000000000044,0.906,1.0,66.0,6.0,0.35082838727979504,168,0
H51-148,difficult,traditional,2,0.998,0.948,0.8140000000000001,0.42800000000000005,0.20799999999999996,0.020000000000000018,0.854,0.9863013698630136,77.0,7.0,0.16567603470347358,154,0
H51-152,difficult,traditional,0,1.0,0.618,0.21199999999999997,0.0,0.0,0.0,1.0,nan,16.0,5.0,0.29885045293183565,168,0
H51-152,difficult,traditional,1,1.0,0.598,0.21199999999999997,0.0,0.0,0.0,1.0,nan,16.0,5.0,0.39037378215856466,168,0
H51-152,difficult,traditional,2,1.0,0.614,0.14800000000000002,0.0,0.0,0.0,1.0,nan,15.0,5.0,0.15661862473980825,133,0
H51-161,difficult,traditional,0,1.0,0.972,0.862,0.518,0.28,0.018000000000000016,0.752,1.0,93.0,7.0,0.38052445797417156,154,0
H51-161,difficult,traditional,1,1.0,0.976,0.898,0.43999999999999995,0.23399999999999999,0.0020000000000000018,0.804,1.0,80.0,7.0,0.2998449632361646,154,0
H51-161,difficult,traditional,2,1.0,0.942,0.796,0.31200000000000006,0.10599999999999998,0.0,0.912,1.0,54.0,6.0,0.4809959474097868,147,0
H51-163,difficult,traditional,0,1.0,0.94,0.796,0.35,0.124,0.006000000000000005,0.886,1.0,66.0,6.0,0.5179406399799906,147,0
H51-163,difficult,traditional,1,1.0,0.978,0.91,0.42200000000000004,0.20399999999999996,0.0,0.796,1.0,81.0,7.0,0.1519651327584488,140,0
H51-163,difficult,traditional,2,1.0,0.952,0.872,0.44799999999999995,0.126,0.0,0.798,1.0,81.5,7.0,0.2525751809480319,133,0
H51-164,difficult,traditional,0,1.0,0.976,0.9,0.24,0.018000000000000016,0.0020000000000000018,0.99,1.0,68.0,6.0,0.17838700146851727,168,1
H51-164,difficult,traditional,1,1.0,0.972,0.888,0.42800000000000005,0.132,0.0,0.904,1.0,81.0,7.0,0.4253203759299875,154,0
H51-164,difficult,traditional,2,1.0,0.968,0.9,0.5660000000000001,0.23399999999999999,0.0020000000000000018,0.766,1.0,97.0,7.0,0.3984717932439019,140,0
H51-171,difficult,traditional,0,1.0,0.938,0.6819999999999999,0.06799999999999995,0.0020000000000000018,0.0,0.998,1.0,42.0,6.0,0.8114888960160771,161,1
H51-171,difficult,traditional,1,1.0,0.944,0.8260000000000001,0.388,0.14600000000000002,0.0,0.88,1.0,72.0,7.0,0.19893392502050655,147,0
H51-171,difficult,traditional,2,1.0,0.958,0.888,0.43799999999999994,0.22199999999999998,0.02400000000000002,0.866,1.0,79.0,7.0,0.7054038087505037,168,0
H51-172,difficult,traditional,0,1.0,0.966,0.92,0.6859999999999999,0.20799999999999996,0.0,0.942,1.0,110.0,7.0,0.5983837035122084,168,0
H51-172,difficult,traditional,1,1.0,0.954,0.808,0.32199999999999995,0.06999999999999995,0.0,0.978,1.0,66.5,7.0,0.5437703582863077,168,0
H51-172,difficult,traditional,2,1.0,0.976,0.864,0.376,0.11599999999999999,0.0020000000000000018,0.938,1.0,72.5,7.0,0.6009567617137055,161,1
H51-173,difficult,traditional,0,1.0,0.944,0.792,0.378,0.136,0.01200000000000001,0.932,1.0,68.0,7.0,0.10462903224642683,168,1
H51-173,difficult,traditional,1,1.0,0.956,0.834,0.41200000000000003,0.16800000000000004,0.030000000000000027,0.894,1.0,75.5,7.0,0.22610559140915987,168,1
H51-173,difficult,traditional,2,1.0,0.944,0.802,0.35,0.132,0.0020000000000000018,0.886,1.0,67.5,6.0,0.22270146150748993,147,0
H51-176,difficult,traditional,0,0.972,0.996,0.984,0.878,0.6819999999999999,0.364,0.406,0.9528619528619529,174.0,8.0,0.23509519357344955,168,0
H51-176,difficult,traditional,1,1.0,0.994,0.974,0.8200000000000001,0.5860000000000001,0.018000000000000016,0.612,1.0,150.0,8.0,0.08143913018495308,161,0
H51-176,difficult,traditional,2,0.956,0.988,0.964,0.8160000000000001,0.728,0.344,0.324,0.9349112426035503,176.0,8.0,0.1716734882124411,168,1
H51-178,difficult,traditional,0,1.0,0.916,0.692,0.09199999999999997,0.01200000000000001,0.0,0.994,1.0,44.0,6.0,0.08365859538654019,161,1
H51-178,difficult,traditional,1,1.0,0.892,0.5900000000000001,0.11399999999999999,0.016000000000000014,0.0020000000000000018,0.992,1.0,36.0,6.0,0.3114443183209378,168,0
H51-178,difficult,traditional,2,1.0,0.9319999999999999,0.706,0.11199999999999999,0.006000000000000005,0.0,0.994,1.0,45.0,6.0,0.1587224165839194,140,0
H51-179,difficult,traditional,0,1.0,0.902,0.71,0.138,0.038000000000000034,0.0020000000000000018,0.988,1.0,46.0,6.0,0.5906529747026492,168,2
H51-179,difficult,traditional,1,1.0,0.86,0.612,0.13,0.02200000000000002,0.0,0.978,1.0,40.0,6.0,0.6344525783300496,140,0
H51-179,difficult,traditional,2,1.0,0.902,0.6579999999999999,0.138,0.038000000000000034,0.0,0.98,1.0,43.0,6.0,0.39241806493769804,161,0
H51-180,difficult,traditional,0,1.0,0.494,0.15200000000000002,0.0,0.0,0.0,1.0,nan,13.0,5.0,0.09089062401442005,161,2
H51-180,difficult,traditional,1,1.0,0.688,0.29000000000000004,0.0,0.0,0.0,1.0,nan,19.0,5.0,0.1715868098284915,168,1
H51-180,difficult,traditional,2,1.0,0.532,0.14800000000000002,0.0040000000000000036,0.0,0.0,1.0,nan,14.0,5.0,0.1406616903874226,168,1
H51-181,difficult,traditional,0,1.0,0.836,0.628,0.118,0.008000000000000007,0.0,1.0,nan,44.0,6.0,0.25536215923327854,168,0
H51-181,difficult,traditional,1,1.0,0.91,0.616,0.09799999999999998,0.016000000000000014,0.0,0.992,1.0,38.0,6.0,0.08052008520451315,154,0
H51-181,difficult,traditional,2,1.0,0.912,0.6819999999999999,0.11199999999999999,0.02200000000000002,0.0,0.968,1.0,45.0,6.0,0.074678082489821,133,0
H51-186,difficult,traditional,0,1.0,0.8240000000000001,0.5820000000000001,0.09799999999999998,0.008000000000000007,0.0,0.976,1.0,39.0,6.0,0.6578520776996163,133,0
H51-186,difficult,traditional,1,1.0,0.6599999999999999,0.376,0.02200000000000002,0.0,0.0,1.0,nan,23.0,5.0,0.7786720138422553,168,2
H51-186,difficult,traditional,2,1.0,0.926,0.74,0.19199999999999995,0.04200000000000004,0.0,0.968,1.0,44.5,6.0,0.3077792626721121,147,0
H51-188,difficult,traditional,0,1.0,0.84,0.522,0.04600000000000004,0.006000000000000005,0.0,0.998,1.0,31.0,5.0,0.6642219755868253,161,0
H51-188,difficult,traditional,1,1.0,0.764,0.45199999999999996,0.052000000000000046,0.008000000000000007,0.0,0.992,1.0,27.0,5.0,0.6800789591491917,140,1
H51-188,difficult,traditional,2,1.0,0.862,0.562,0.08599999999999997,0.008000000000000007,0.0,0.98,1.0,33.0,5.0,0.44154483626089625,133,0
H51-190,difficult,traditional,0,1.0,0.898,0.654,0.062000000000000055,0.006000000000000005,0.0,0.998,1.0,41.0,6.0,0.4978740546578362,161,0
H51-190,difficult,traditional,1,1.0,0.868,0.628,0.09199999999999997,0.014000000000000012,0.0,0.994,1.0,41.0,6.0,0.3998184574439235,154,1
H51-190,difficult,traditional,2,1.0,0.902,0.596,0.09799999999999998,0.008000000000000007,0.0,0.998,1.0,37.0,6.0,0.7230682120395338,168,1
H51-193,difficult,traditional,0,1.0,0.98,0.9319999999999999,0.634,0.16000000000000003,0.0040000000000000036,0.55,1.0,115.0,7.0,0.30987898512352563,126,0
H51-193,difficult,traditional,1,1.0,0.984,0.918,0.6839999999999999,0.494,0.05400000000000005,0.624,1.0,136.0,8.0,0.47087022840485804,168,1
H51-193,difficult,traditional,2,1.0,0.984,0.9319999999999999,0.708,0.498,0.04400000000000004,0.712,1.0,139.0,8.0,0.6153472826369398,168,1
H51-199,difficult,traditional,0,1.0,0.6619999999999999,0.19999999999999996,0.0,0.0,0.0,1.0,nan,17.0,5.0,0.5874940114683704,168,3
H51-199,difficult,traditional,1,1.0,0.694,0.21799999999999997,0.0020000000000000018,0.0,0.0,1.0,nan,18.0,5.0,0.5569898698302804,168,0
H51-199,difficult,traditional,2,1.0,0.56,0.16200000000000003,0.0,0.0,0.0,1.0,nan,15.0,5.0,0.67448433054016,140,0
Lucía,difficult,traditional,0,0.994,1.0,0.998,0.962,0.916,0.10599999999999998,0.09,0.9934065934065934,165.0,7.0,0.6654222292078065,154,0
Lucía,difficult,traditional,1,1.0,1.0,0.99,0.982,0.884,0.15400000000000003,0.2,1.0,175.0,7.0,0.7638758477607915,168,0
Lucía,difficult,traditional,2,0.948,0.998,0.994,0.976,0.938,0.626,0.08,0.9434782608695652,183.0,7.0,0.6212603609044056,168,0
Karim,difficult,traditional,0,0.692,1.0,0.998,0.982,0.97,0.784,0.038,0.6798336798336798,193.0,8.0,0.6295615468088922,161,0
Karim,difficult,traditional,1,0.738,0.998,0.998,0.984,0.956,0.6639999999999999,0.05,0.7242105263157895,182.0,8.0,0.8459642340560323,154,0
Karim,difficult,traditional,2,0.9,0.996,0.996,0.97,0.904,0.634,0.122,0.8861047835990888,182.0,8.0,0.9041225825955589,168,1
Marta,general,traditional,0,1.0,0.88,0.596,0.10399999999999998,0.008000000000000007,0.0,0.998,1.0,35.0,5.0,0.48854061998318576,168,0
Marta,general,traditional,1,1.0,0.896,0.6839999999999999,0.14600000000000002,0.01200000000000001,0.0,0.998,1.0,46.0,6.0,0.6021633152211773,168,1
Marta,general,traditional,2,1.0,0.866,0.642,0.16800000000000004,0.038000000000000034,0.0,0.992,1.0,41.0,6.0,0.460337809880751,168,1
Diego,general,traditional,0,1.0,0.872,0.56,0.07999999999999996,0.0020000000000000018,0.0,1.0,nan,34.0,6.0,0.32918404081785335,168,1
Diego,general,traditional,1,1.0,0.844,0.502,0.11199999999999999,0.01200000000000001,0.0,0.994,1.0,30.0,5.0,0.13102505242855178,168,1
Diego,general,traditional,2,1.0,0.872,0.612,0.128,0.02400000000000002,0.0,0.986,1.0,37.0,6.0,0.1323086454436454,154,2
Lucía,general,traditional,0,1.0,0.996,0.988,0.95,0.916,0.21199999999999997,0.108,1.0,176.0,7.0,0.7744625786995638,168,2
Lucía,general,traditional,1,1.0,1.0,0.998,0.972,0.888,0.10599999999999998,0.16,1.0,170.0,7.0,0.8265825202034036,161,0
Lucía,general,traditional,2,1.0,0.998,0.982,0.924,0.76,0.0,0.32,1.0,159.0,7.0,0.9019102190671845,154,0
Karim,general,traditional,0,0.876,0.998,0.996,0.966,0.9339999999999999,0.714,0.092,0.8634361233480177,186.0,8.0,0.7121627264657117,168,1
Karim,general,traditional,1,0.98,1.0,0.998,0.962,0.518,0.12,0.068,0.9785407725321889,140.0,7.0,0.7089907101375681,126,0
Karim,general,traditional,2,0.99,1.0,0.998,0.976,0.898,0.19599999999999995,0.126,0.988558352402746,165.0,7.0,0.6558842369190745,154,0
Ana,general,traditional,0,0.986,0.994,0.984,0.918,0.79,0.29600000000000004,0.284,0.9804469273743017,171.0,8.0,0.14893023633590474,161,0
Ana,general,traditional,1,0.996,1.0,0.988,0.844,0.624,0.268,0.496,0.9920634920634921,168.5,8.0,0.22349090831488205,168,1
Ana,general,traditional,2,1.0,0.996,0.992,0.878,0.5820000000000001,0.040000000000000036,0.258,1.0,141.0,7.0,0.41884040727934757,133,0
P12-000,general,traditional,0,1.0,0.984,0.898,0.5740000000000001,0.396,0.06399999999999995,0.734,1.0,109.5,7.0,0.36949920622720933,168,3
P12-000,general,traditional,1,1.0,0.978,0.908,0.532,0.21799999999999997,0.0040000000000000036,0.688,1.0,92.0,7.0,0.15384035574699284,133,0
P12-000,general,traditional,2,1.0,0.988,0.856,0.536,0.30600000000000005,0.06799999999999995,0.786,1.0,101.0,7.0,0.7927547800761203,168,2
P12-001,general,traditional,0,0.644,0.994,0.986,0.946,0.914,0.788,0.114,0.5981941309255079,191.0,8.0,0.07690966257042364,168,0
P12-001,general,traditional,1,0.798,1.0,0.992,0.954,0.8180000000000001,0.524,0.25,0.7306666666666667,176.0,8.0,0.0741660497829787,168,0
P12-001,general,traditional,2,0.694,0.99,0.98,0.952,0.918,0.728,0.092,0.6629955947136564,189.0,8.0,0.21556432657309998,161,0
P12-002,general,traditional,0,0.32,1.0,1.0,0.996,0.95,0.8180000000000001,0.01,0.31313131313131315,170.0,7.0,0.29623389857686555,126,0
P12-002,general,traditional,1,0.276,1.0,1.0,0.99,0.988,0.952,0.014,0.2657200811359026,196.0,7.0,0.4117505937972653,168,1
P12-002,general,traditional,2,0.778,1.0,1.0,0.996,0.988,0.796,0.032,0.7706611570247934,187.0,7.0,0.46878979908290397,168,0
P12-003,general,traditional,0,0.026,1.0,1.0,0.996,0.994,0.984,0.006,0.02012072434607646,178.0,6.0,0.0828173976610358,168,1
P12-003,general,traditional,1,0.074,1.0,1.0,1.0,0.998,0.964,0.002,0.07214428857715431,181.0,6.0,0.08090659398287614,168,1
P12-003,general,traditional,2,0.044,1.0,1.0,1.0,0.998,0.982,0.002,0.04208416833667335,191.0,6.0,0.15422084971850714,161,0
P12-004,general,traditional,0,0.2,0.998,0.99,0.944,0.904,0.87,0.098,0.1130820399113082,173.5,7.0,0.07415775468207364,168,1
P12-004,general,traditional,1,0.868,0.994,0.964,0.832,0.654,0.29400000000000004,0.368,0.7911392405063291,152.0,8.0,0.07333786959009336,147,1
P12-004,general,traditional,2,0.512,0.994,0.984,0.838,0.742,0.502,0.26,0.34054054054054056,138.0,7.0,0.07416349994536076,147,0
P12-005,general,traditional,0,1.0,0.964,0.866,0.534,0.16600000000000004,0.0,0.952,1.0,95.0,7.0,0.5154124094084009,168,1
P12-005,general,traditional,1,1.0,0.964,0.856,0.17000000000000004,0.006000000000000005,0.0,0.994,1.0,60.5,6.0,0.6183443718945887,140,0
P12-005,general,traditional,2,1.0,0.9339999999999999,0.76,0.352,0.040000000000000036,0.0,1.0,nan,71.0,6.0,0.5500933858850181,168,0
P12-006,general,traditional,0,0.998,0.986,0.956,0.614,0.402,0.06000000000000005,0.65,0.9942857142857143,117.0,7.0,0.1924020201270854,161,0
P12-006,general,traditional,1,1.0,0.986,0.9359999999999999,0.606,0.30400000000000005,0.05600000000000005,0.79,1.0,103.0,7.0,0.5674241830492783,168,0
P12-006,general,traditional,2,1.0,0.974,0.916,0.626,0.364,0.06999999999999995,0.744,1.0,116.5,8.0,0.5459217227885721,168,1
P12-007,general,traditional,0,0.894,0.998,0.996,0.978,0.958,0.4,0.042,0.8893528183716075,165.0,7.0,0.4538819859922454,140,0
P12-007,general,traditional,1,0.766,0.998,0.996,0.98,0.964,0.782,0.052,0.7531645569620253,187.0,7.0,0.5960973252476582,168,1
P12-007,general,traditional,2,0.84,1.0,1.0,0.978,0.948,0.508,0.052,0.8312236286919831,169.0,8.0,0.4236053872373855,140,0
P12-008,general,traditional,0,0.034,1.0,1.0,1.0,1.0,0.998,0.0,0.034,196.0,6.0,0.3361797862936948,168,2
P12-008,general,traditional,1,0.09,1.0,1.0,1.0,1.0,0.956,0.0,0.09,181.0,6.0,0.46926718122068667,147,0
P12-008,general,traditional,2,0.082,1.0,1.0,1.0,1.0,0.978,0.0,0.082,183.0,6.0,0.24036222658051853,168,1
P12-009,general,traditional,0,0.13,1.0,1.0,1.0,1.0,0.992,0.0,0.13,214.0,6.0,0.26594871915247276,168,2
P12-009,general,traditional,1,0.934,1.0,1.0,0.988,0.96,0.384,0.052,0.930379746835443,176.0,7.0,0.2809767245511786,154,1
P12-009,general,traditional,2,0.278,1.0,1.0,0.998,0.998,0.892,0.004,0.2751004016064257,190.0,7.0,0.4915166733642059,147,1
P12-010,general,traditional,0,0.972,1.0,0.986,0.938,0.614,0.17200000000000004,0.114,0.9683972911963883,143.5,8.0,0.2253255913726363,126,0
P12-010,general,traditional,1,0.988,0.996,0.992,0.946,0.766,0.19999999999999996,0.296,0.9829545454545454,169.0,8.0,0.2660590623004939,161,1
P12-010,general,traditional,2,1.0,1.0,0.992,0.9339999999999999,0.722,0.020000000000000018,0.278,1.0,147.0,7.0,0.27771685557012527,140,0
P12-011,general,traditional,0,1.0,0.95,0.88,0.36,0.06000000000000005,0.010000000000000009,0.978,1.0,78.0,7.0,0.11993874181066833,168,1
P12-011,general,traditional,1,1.0,0.96,0.8240000000000001,0.27,0.016000000000000014,0.0,0.994,1.0,68.0,7.0,0.07368016658254806,161,0
P12-011,general,traditional,2,1.0,0.978,0.928,0.33599999999999997,0.03600000000000003,0.0,0.918,1.0,75.0,7.0,0.07370657777579137,133,0
P12-012,general,traditional,0,1.0,0.884,0.612,0.02400000000000002,0.0,0.0,1.0,nan,37.0,5.0,0.49814246128217343,147,1
P12-012,general,traditional,1,1.0,0.878,0.56,0.05600000000000005,0.0020000000000000018,0.0,0.998,1.0,34.0,5.0,0.5013068738136247,147,0
P12-012,general,traditional,2,1.0,0.872,0.5760000000000001,0.05800000000000005,0.0020000000000000018,0.0,0.998,1.0,34.0,6.0,0.7659034795830969,140,0
P12-013,general,traditional,0,0.982,1.0,1.0,0.988,0.9299999999999999,0.138,0.084,0.980349344978166,157.0,7.0,0.38720107096231327,147,0
P12-013,general,traditional,1,0.592,1.0,1.0,0.994,0.986,0.886,0.022,0.5828220858895705,195.0,7.0,0.3722266529480881,168,0
P12-013,general,traditional,2,0.6,1.0,1.0,0.998,0.994,0.848,0.01,0.5959595959595959,192.0,7.0,0.20458156054761523,168,0
P12-014,general,traditional,0,0.99,0.998,0.988,0.9299999999999999,0.86,0.392,0.176,0.9878640776699029,177.0,7.0,0.6070212828261115,168,1
P12-014,general,traditional,1,0.99,1.0,0.992,0.962,0.878,0.22599999999999998,0.122,0.9886104783599089,169.0,8.0,0.7378284497291601,140,1
P12-014,general,traditional,2,0.986,0.992,0.988,0.97,0.884,0.27,0.144,0.9836448598130841,171.0,7.0,0.24484781044174908,161,0
P12-015,general,traditional,0,0.45,1.0,0.996,0.984,0.952,0.746,0.048,0.4222689075630252,174.0,8.0,0.13243109081050775,147,0
P12-015,general,traditional,1,0.564,1.0,0.998,0.984,0.972,0.842,0.048,0.542016806722689,192.0,8.0,0.07330092953846068,168,0
P12-015,general,traditional,2,0.282,1.0,1.0,0.986,0.982,0.87,0.024,0.26434426229508196,181.0,7.0,0.0732121835817443,168,1
P12-016,general,traditional,0,0.944,1.0,0.998,0.956,0.904,0.45999999999999996,0.132,0.9354838709677419,178.0,8.0,0.0814621100555194,168,1
P12-016,general,traditional,1,0.994,1.0,0.992,0.844,0.728,0.30600000000000005,0.356,0.9906832298136646,174.0,8.0,0.09837714583170565,168,1
P12-016,general,traditional,2,0.97,0.998,0.992,0.946,0.872,0.256,0.14,0.9651162790697675,160.0,8.0,0.15407925694627111,147,0
P12-017,general,traditional,0,0.998,0.992,0.978,0.87,0.744,0.278,0.35,0.9969230769230769,174.0,8.0,0.43212422009007645,168,1
P12-017,general,traditional,1,1.0,0.986,0.96,0.868,0.7,0.21599999999999997,0.4,1.0,173.0,8.0,0.615135901940715,168,1
P12-017,general,traditional,2,0.994,0.996,0.988,0.908,0.8240000000000001,0.25,0.226,0.9922480620155039,170.0,8.0,0.3095909477604277,161,0
P12-018,general,traditional,0,0.466,0.998,0.996,0.982,0.97,0.792,0.032,0.44834710743801653,186.0,8.0,0.31751878097113795,147,1
P12-018,general,traditional,1,0.886,1.0,1.0,0.978,0.924,0.6679999999999999,0.102,0.8730512249443207,184.0,8.0,0.5314893528315261,168,1
P12-018,general,traditional,2,0.414,0.998,0.996,0.986,0.976,0.86,0.026,0.39835728952772076,193.0,7.0,0.08460020869164198,161,0
P12-019,general,traditional,0,0.318,1.0,1.0,0.998,0.994,0.922,0.006,0.31388329979879276,192.0,7.0,0.09215236859154352,168,2
P12-019,general,traditional,1,0.216,1.0,1.0,0.994,0.99,0.89,0.01,0.2080808080808081,178.0,6.0,0.18376362901644971,140,0
P12-019,general,traditional,2,0.194,1.0,1.0,1.0,0.998,0.942,0.002,0.19238476953907815,192.0,7.0,0.07312740113668781,140,1
P12-020,general,traditional,0,1.0,0.95,0.804,0.32599999999999996,0.08199999999999996,0.0020000000000000018,0.982,1.0,62.0,6.0,0.07531751056878322,168,1
P12-020,general,traditional,1,1.0,0.94,0.724,0.254,0.03200000000000003,0.0,0.968,1.0,53.0,6.0,0.472909024245583,140,0
P12-020,general,traditional,2,1.0,0.946,0.784,0.348,0.08999999999999997,0.0,0.952,1.0,68.0,6.0,0.09259438712953938,161,1
P12-021,general,traditional,0,0.962,0.996,0.984,0.92,0.862,0.596,0.184,0.9534313725490197,183.0,8.0,0.4431180034601736,168,1
P12-021,general,traditional,1,0.994,1.0,0.996,0.956,0.9,0.45599999999999996,0.18,0.9926829268292683,178.0,8.0,0.26837334147391567,168,1
P12-021,general,traditional,2,0.986,0.998,0.986,0.954,0.872,0.18400000000000005,0.128,0.9839449541284404,165.0,8.0,0.7164156142608482,140,1
P12-022,general,traditional,0,0.624,1.0,1.0,0.998,0.99,0.6819999999999999,0.016,0.6178861788617886,179.0,7.0,0.3691696550303545,154,0
P12-022,general,traditional,1,0.96,1.0,1.0,0.984,0.892,0.19399999999999995,0.034,0.9585921325051759,150.0,7.0,0.6177936679355289,133,0
P12-022,general,traditional,2,0.822,1.0,1.0,0.986,0.974,0.762,0.04,0.8145833333333333,186.0,7.0,0.33269840946290363,168,0
P12-023,general,traditional,0,0.066,1.0,1.0,1.0,1.0,0.988,0.0,0.066,204.0,6.0,0.3252740705595859,168,1
P12-023,general,traditional,1,0.178,1.0,1.0,1.0,1.0,0.89,0.0,0.178,173.0,6.0,0.288775742929154,147,0
P12-023,general,traditional,2,0.066,1.0,1.0,1.0,1.0,0.974,0.0,0.066,187.0,6.0,0.2225436827288375,154,0
P12-024,general,traditional,0,1.0,0.944,0.884,0.498,0.31999999999999995,0.014000000000000012,0.768,1.0,89.0,7.0,0.501938783923761,161,1
P12-024,general,traditional,1,1.0,0.97,0.876,0.628,0.374,0.016000000000000014,0.792,1.0,118.0,7.0,0.6244660454180797,168,1
P12-024,general,traditional,2,1.0,0.964,0.866,0.47,0.18000000000000005,0.0,0.862,1.0,84.0,7.0,0.3767143500410298,154,0
P12-025,general,traditional,0,0.96,1.0,0.994,0.928,0.862,0.22199999999999998,0.138,0.9535962877030162,156.0,8.0,0.7062000383906468,140,1
P12-025,general,traditional,1,0.924,1.0,0.994,0.948,0.876,0.31399999999999995,0.08,0.9173913043478261,158.0,8.0,0.5162886178255607,133,0
P12-025,general,traditional,2,0.908,0.988,0.984,0.956,0.942,0.694,0.092,0.8986784140969163,186.0,8.0,0.6897811314143334,168,2
P12-026,general,traditional,0,0.958,0.998,0.994,0.978,0.912,0.388,0.118,0.9523809523809523,173.0,8.0,0.2946449521914444,161,1
P12-026,general,traditional,1,0.804,1.0,0.998,0.994,0.96,0.5840000000000001,0.046,0.7945492662473794,179.0,7.0,0.27441590198981103,154,0
P12-026,general,traditional,2,0.97,1.0,0.996,0.992,0.938,0.29800000000000004,0.088,0.9671052631578947,172.0,7.0,0.3544629998011888,161,0
P12-027,general,traditional,0,0.926,1.0,0.996,0.988,0.952,0.542,0.076,0.9199134199134199,180.0,7.0,0.4730782956934766,168,0
P12-027,general,traditional,1,0.804,0.998,0.994,0.982,0.96,0.758,0.052,0.7932489451476793,187.0,8.0,0.18954175440408316,168,1
P12-027,general,traditional,2,0.99,0.998,0.996,0.96,0.396,0.062000000000000055,0.114,0.9887133182844243,137.0,7.0,0.30209637161008873,126,0
P12-028,general,traditional,0,0.984,0.998,0.99,0.982,0.942,0.45199999999999996,0.078,0.982646420824295,178.0,7.0,0.8237085868028584,168,1
P12-028,general,traditional,1,0.936,1.0,1.0,0.994,0.966,0.482,0.048,0.9327731092436975,176.0,7.0,0.20531490073866354,161,1
P12-028,general,traditional,2,0.896,1.0,1.0,0.984,0.962,0.6859999999999999,0.058,0.8895966029723992,186.0,7.0,0.4353435644110514,168,0
P12-029,general,traditional,0,0.92,1.0,0.998,0.998,0.986,0.636,0.034,0.917184265010352,182.0,7.0,0.43817176664063373,168,0
P12-029,general,traditional,1,0.836,1.0,1.0,1.0,0.998,0.788,0.006,0.8350100603621731,186.0,7.0,0.5284568927273594,168,2
P12-029,general,traditional,2,0.922,1.0,1.0,1.0,0.99,0.246,0.016,0.9207317073170732,161.0,7.0,0.20349041848532723,147,0
P12-030,general,traditional,0,0.27,1.0,1.0,1.0,0.998,0.896,0.002,0.2685370741482966,189.0,6.0,0.5643005233907494,154,0
P12-030,general,traditional,1,0.266,1.0,1.0,0.998,0.998,0.928,0.002,0.26452905811623245,190.0,6.0,0.3362990817393313,161,0
P12-030,general,traditional,2,0.198,1.0,1.0,1.0,1.0,0.9299999999999999,0.0,0.198,193.0,7.0,0.4994381907670725,147,1
P12-031,general,traditional,0,1.0,0.872,0.508,0.07399999999999995,0.01200000000000001,0.0,0.992,1.0,30.0,5.0,0.38126106005321103,147,0
P12-031,general,traditional,1,1.0,0.856,0.5920000000000001,0.11199999999999999,0.0020000000000000018,0.0,1.0,nan,39.0,6.0,0.5417196846503923,168,0
P12-031,general,traditional,2,1.0,0.876,0.612,0.09399999999999997,0.008000000000000007,0.0,0.998,1.0,35.0,6.0,0.2648388787921565,154,0
P12-032,general,traditional,0,1.0,0.798,0.514,0.05400000000000005,0.0,0.0,1.0,nan,30.0,5.0,0.5208004963009856,161,1
P12-032,general,traditional,1,1.0,0.858,0.604,0.04600000000000004,0.01200000000000001,0.0,0.996,1.0,36.5,6.0,0.2922290407102712,161,1
P12-032,general,traditional,2,1.0,0.8220000000000001,0.534,0.062000000000000055,0.0040000000000000036,0.0,0.99,1.0,32.0,5.0,0.5391651892414002,126,0
P12-033,general,traditional,0,0.58,1.0,1.0,0.998,0.768,0.496,0.002,0.5791583166332666,144.0,6.0,0.40679011033323553,126,0
P12-033,general,traditional,1,0.664,1.0,1.0,0.998,0.984,0.536,0.016,0.6585365853658537,163.5,7.0,0.21758678581093804,147,0
P12-033,general,traditional,2,0.6,1.0,1.0,1.0,0.994,0.8220000000000001,0.01,0.5959595959595959,186.0,7.0,0.15946252697045937,168,0
P12-034,general,traditional,0,0.466,1.0,1.0,1.0,0.998,0.892,0.004,0.463855421686747,188.0,6.0,0.3116220654364421,168,1
P12-034,general,traditional,1,0.146,1.0,1.0,1.0,1.0,0.97,0.0,0.146,191.0,6.0,0.3521582864304831,168,0
P12-034,general,traditional,2,0.292,1.0,1.0,1.0,0.996,0.952,0.004,0.2891566265060241,195.5,6.0,0.49118823467445727,168,1
P12-035,general,traditional,0,1.0,0.99,0.966,0.782,0.558,0.06000000000000005,0.47,1.0,150.0,7.0,0.08012892724120046,147,0
P12-035,general,traditional,1,1.0,0.984,0.924,0.26,0.010000000000000009,0.0,1.0,nan,64.0,6.0,0.1936936066406082,168,0
P12-035,general,traditional,2,0.99,0.994,0.982,0.856,0.6799999999999999,0.344,0.412,0.9829931972789115,174.0,8.0,0.08527425064988692,168,1
P12-036,general,traditional,0,0.236,1.0,1.0,1.0,0.996,0.972,0.004,0.23293172690763053,204.0,7.0,0.5091963912681396,168,2
P12-036,general,traditional,1,0.132,1.0,1.0,1.0,1.0,0.956,0.0,0.132,190.5,6.0,0.7157851775567495,154,1
P12-036,general,traditional,2,0.362,1.0,1.0,0.998,0.996,0.8160000000000001,0.004,0.35943775100401604,179.0,7.0,0.5319923792829407,140,0
P12-037,general,traditional,0,1.0,0.948,0.806,0.348,0.062000000000000055,0.0,0.966,1.0,68.5,7.0,0.11978937009899471,161,0
P12-037,general,traditional,1,1.0,0.942,0.792,0.32399999999999995,0.08999999999999997,0.0040000000000000036,0.944,1.0,67.0,6.0,0.27416238454058395,161,0
P12-037,general,traditional,2,1.0,0.958,0.856,0.28200000000000003,0.06999999999999995,0.0,0.95,1.0,62.5,6.0,0.07644973462520188,154,0
P12-038,general,traditional,0,0.602,1.0,1.0,1.0,0.996,0.8220000000000001,0.016,0.5955284552845529,190.0,7.0,0.14322335533606434,168,1
P12-038,general,traditional,1,0.614,1.0,1.0,1.0,0.998,0.692,0.002,0.6132264529058116,179.0,7.0,0.22176309436536978,140,0
P12-038,general,traditional,2,0.83,1.0,1.0,0.998,0.982,0.652,0.024,0.8258196721311475,182.0,7.0,0.23449517681100762,168,2
P12-039,general,traditional,0,1.0,0.982,0.926,0.6699999999999999,0.43400000000000005,0.11599999999999999,0.632,1.0,122.0,8.0,0.09446040067491135,161,0
P12-039,general,traditional,1,0.996,0.994,0.942,0.724,0.562,0.256,0.514,0.9917695473251029,161.5,8.0,0.12475479456629035,168,1
P12-039,general,traditional,2,1.0,0.976,0.904,0.642,0.386,0.03200000000000003,0.664,1.0,115.0,7.0,0.08498019319666372,154,0
P12-040,general,traditional,0,0.17,1.0,1.0,1.0,0.998,0.954,0.002,0.1683366733466934,200.0,7.0,0.09905006310989639,140,1
P12-040,general,traditional,1,0.194,1.0,1.0,0.998,0.994,0.976,0.008,0.1875,198.0,7.0,0.8262077755792794,168,1
P12-040,general,traditional,2,0.49,1.0,1.0,1.0,0.996,0.916,0.006,0.4869215291750503,195.0,7.0,0.6344481938678135,168,1
P12-041,general,traditional,0,0.954,1.0,1.0,0.98,0.942,0.27,0.06,0.951063829787234,163.0,7.0,0.5026484886943673,147,0
P12-041,general,traditional,1,0.988,0.998,0.998,0.994,0.918,0.52,0.138,0.9860788863109049,180.0,7.0,0.45177902384906765,168,1
P12-041,general,traditional,2,1.0,1.0,0.996,0.966,0.882,0.062000000000000055,0.134,1.0,162.0,7.0,0.5333640477395951,154,0
P12-042,general,traditional,0,0.002,1.0,1.0,1.0,1.0,0.998,0.0,0.002,175.0,5.0,0.3526475022779906,168,1
P12-042,general,traditional,1,0.002,1.0,1.0,1.0,1.0,0.998,0.0,0.002,169.0,5.0,0.3661866192085418,140,0
P12-042,general,traditional,2,0.006,1.0,1.0,1.0,1.0,0.998,0.0,0.006,190.0,5.0,0.29900558935680444,154,1
P12-043,general,traditional,0,1.0,0.946,0.742,0.128,0.026000000000000023,0.0,0.982,1.0,48.5,6.0,0.22098142345833416,154,1
P12-043,general,traditional,1,1.0,0.9299999999999999,0.77,0.256,0.04800000000000004,0.0020000000000000018,0.994,1.0,53.0,6.0,0.2166538791673015,168,1
P12-043,general,traditional,2,1.0,0.9359999999999999,0.786,0.276,0.050000000000000044,0.0020000000000000018,0.982,1.0,62.0,6.0,0.6214102675008085,168,1
P12-044,general,traditional,0,0.486,1.0,1.0,0.996,0.986,0.754,0.014,0.4787018255578093,179.0,7.0,0.11929588598309548,147,0
P12-044,general,traditional,1,0.792,1.0,0.998,0.992,0.978,0.808,0.032,0.7851239669421488,188.0,8.0,0.37303411508539996,168,0
P12-044,general,traditional,2,0.794,1.0,1.0,0.992,0.976,0.652,0.034,0.7867494824016563,183.0,8.0,0.3506770580494192,161,0
P12-045,general,traditional,0,0.988,0.99,0.968,0.8260000000000001,0.706,0.41400000000000003,0.362,0.9811912225705329,176.0,8.0,0.6771948326741744,168,0
P12-045,general,traditional,1,0.996,0.994,0.976,0.89,0.77,0.36,0.304,0.9942528735632183,176.0,8.0,0.4193543358031879,168,1
P12-045,general,traditional,2,1.0,0.98,0.904,0.702,0.516,0.10599999999999998,0.638,1.0,141.0,8.0,0.6277137092553967,168,1
P12-046,general,traditional,0,1.0,0.718,0.29200000000000004,0.0020000000000000018,0.0,0.0,1.0,nan,21.0,5.0,0.25579036570607094,168,1
P12-046,general,traditional,1,1.0,0.8,0.32199999999999995,0.0,0.0,0.0,1.0,nan,23.0,5.0,0.45353158109892455,147,0
P12-046,general,traditional,2,1.0,0.738,0.33799999999999997,0.006000000000000005,0.0,0.0,1.0,nan,22.0,5.0,0.31547687461954044,161,0
P12-047,general,traditional,0,1.0,0.5800000000000001,0.16800000000000004,0.0040000000000000036,0.0,0.0,1.0,nan,16.0,5.0,0.8279882879338331,168,1
P12-047,general,traditional,1,1.0,0.632,0.21199999999999997,0.0,0.0,0.0,1.0,nan,17.0,5.0,0.5744787075060832,168,0
P12-047,general,traditional,2,1.0,0.45799999999999996,0.14,0.0,0.0,0.0,1.0,nan,13.0,5.0,0.7547693636234298,168,0
P12-048,general,traditional,0,1.0,0.988,0.9359999999999999,0.728,0.47,0.07999999999999996,0.662,1.0,128.5,8.0,0.531990599602701,168,2
P12-048,general,traditional,1,1.0,0.98,0.942,0.746,0.5860000000000001,0.28600000000000003,0.494,1.0,168.5,8.0,0.3173253883636662,168,3
P12-048,general,traditional,2,1.0,0.984,0.946,0.728,0.498,0.14,0.588,1.0,138.0,8.0,0.22335333311116057,168,1
P12-049,general,traditional,0,1.0,0.996,0.994,0.8240000000000001,0.5780000000000001,0.026000000000000023,0.32,1.0,141.0,7.0,0.5316426795086626,133,0
P12-049,general,traditional,1,0.942,1.0,1.0,0.984,0.9339999999999999,0.31799999999999995,0.066,0.9379014989293362,164.0,8.0,0.1397576499061921,140,0
P12-049,general,traditional,2,0.998,0.998,0.992,0.944,0.888,0.16000000000000003,0.142,0.9976689976689976,166.0,7.0,0.2929023855158728,154,0
P12-050,general,traditional,0,0.04,1.0,0.998,0.998,0.998,0.998,0.002,0.03807615230460922,202.5,6.0,0.144716819136943,168,1
P12-050,general,traditional,1,0.036,1.0,1.0,1.0,1.0,0.994,0.0,0.036,208.5,7.0,0.41932057630629815,168,1
P12-050,general,traditional,2,0.086,1.0,1.0,1.0,1.0,0.968,0.0,0.086,184.0,7.0,0.7596562991263168,140,0
P12-051,general,traditional,0,0.992,0.998,0.994,0.95,0.558,0.06799999999999995,0.25,0.9893333333333333,140.5,7.5,0.20371326904420328,133,1
P12-051,general,traditional,1,0.616,0.998,0.998,0.982,0.954,0.808,0.068,0.5879828326180258,189.0,8.0,0.359115390268938,168,1
P12-051,general,traditional,2,0.754,0.998,0.99,0.914,0.862,0.514,0.2,0.6925,176.0,8.0,0.10785074574437159,168,1
P12-052,general,traditional,0,0.994,1.0,0.988,0.9299999999999999,0.802,0.20399999999999996,0.362,0.9905956112852664,174.0,8.0,0.07541893127118326,168,0
P12-052,general,traditional,1,0.94,0.994,0.984,0.946,0.772,0.19999999999999996,0.136,0.9305555555555556,146.0,7.0,0.07514185710470511,133,0
P12-052,general,traditional,2,0.898,0.998,0.986,0.9359999999999999,0.86,0.45599999999999996,0.14,0.8813953488372093,173.0,8.0,0.2617589331914406,140,1
P12-053,general,traditional,0,1.0,0.914,0.656,0.14800000000000002,0.04200000000000004,0.0,0.99,1.0,40.0,6.0,0.24009449346682066,168,2
P12-053,general,traditional,1,1.0,0.852,0.5680000000000001,0.09999999999999998,0.02400000000000002,0.0,0.988,1.0,35.0,5.0,0.27248855768128577,154,1
P12-053,general,traditional,2,1.0,0.884,0.6739999999999999,0.10399999999999998,0.006000000000000005,0.0,0.998,1.0,41.0,6.0,0.606980133005719,161,1
P12-054,general,traditional,0,1.0,0.91,0.618,0.08799999999999997,0.010000000000000009,0.0,0.998,1.0,36.0,6.0,0.8287039100284572,168,0
P12-054,general,traditional,1,1.0,0.83,0.562,0.03600000000000003,0.0020000000000000018,0.0,1.0,nan,32.0,5.0,0.5015630865708808,168,2
P12-054,general,traditional,2,1.0,0.8,0.476,0.01200000000000001,0.0,0.0,1.0,nan,28.0,5.0,0.6831137781974338,154,0
P12-055,general,traditional,0,0.1,1.0,1.0,1.0,0.994,0.952,0.006,0.09456740442655935,181.0,7.0,0.13590370729753887,161,0
P12-055,general,traditional,1,0.508,1.0,1.0,0.998,0.982,0.7,0.026,0.4948665297741273,176.0,7.0,0.0744293612616177,161,1
P12-055,general,traditional,2,0.148,1.0,1.0,1.0,1.0,0.972,0.0,0.148,189.0,7.0,0.1239442743333159,168,0
P12-056,general,traditional,0,1.0,0.986,0.958,0.788,0.528,0.132,0.566,1.0,146.0,8.0,0.21619083392058147,168,1
P12-056,general,traditional,1,1.0,0.982,0.908,0.656,0.30600000000000005,0.02200000000000002,0.79,1.0,108.0,7.0,0.9511184101515953,168,1
P12-056,general,traditional,2,1.0,0.99,0.954,0.798,0.606,0.126,0.46,1.0,165.0,8.0,0.7022628551058047,161,0
P12-057,general,traditional,0,1.0,0.84,0.548,0.08999999999999997,0.010000000000000009,0.0,0.998,1.0,33.0,5.0,0.5762256587180246,168,1
P12-057,general,traditional,1,1.0,0.8260000000000001,0.518,0.05800000000000005,0.0020000000000000018,0.0,1.0,nan,31.0,5.0,0.5859919571075666,168,1
P12-057,general,traditional,2,1.0,0.856,0.5780000000000001,0.08599999999999997,0.006000000000000005,0.0,1.0,nan,33.0,6.0,0.4763437518626966,168,2
P12-058,general,traditional,0,0.986,0.99,0.948,0.5640000000000001,0.34199999999999997,0.138,0.738,0.9465648854961832,98.0,7.0,0.07383458392332598,168,1
P12-058,general,traditional,1,0.992,0.974,0.906,0.5880000000000001,0.33599999999999997,0.09999999999999998,0.712,0.9722222222222222,104.0,7.0,0.07655285727859507,161,0
P12-058,general,traditional,2,1.0,0.99,0.928,0.43000000000000005,0.20199999999999996,0.016000000000000014,0.798,1.0,81.0,7.0,0.07700363852503556,140,0
P12-059,general,traditional,0,1.0,0.956,0.86,0.46399999999999997,0.21999999999999997,0.020000000000000018,0.83,1.0,84.0,7.0,0.15838138052839412,161,0
P12-059,general,traditional,1,1.0,0.978,0.86,0.546,0.28200000000000003,0.010000000000000009,0.734,1.0,97.5,7.0,0.07454835139275406,147,0
P12-059,general,traditional,2,1.0,0.974,0.908,0.626,0.388,0.04400000000000004,0.704,1.0,108.0,8.0,0.10495209183706833,161,1
