config,person,pk,front,relief_boost,pregap_cut,expected_risk,relapsed,mean_excess,budget_used
0,0,False,0.0,2.0,0.5,0.0614296517630506,0,-0.09139233407867293,0.9102925594141622
0,1,False,0.0,2.0,0.5,0.06217705068734336,0,-0.002882385998500729,0.9352182822147916
0,2,False,0.0,2.0,0.5,0.06136053040450884,0,-0.17269554769994372,0.8763740543908464
0,3,False,0.0,2.0,0.5,0.06248084407374477,0,-0.02834737847470493,0.956225358463869
0,4,False,0.0,2.0,0.5,0.06131824684961318,0,-0.033064351906169645,0.9464651919993954
0,5,False,0.0,2.0,0.5,0.0643024138836027,0,-0.04209540799365062,0.9197869067013758
0,6,False,0.0,2.0,0.5,0.10786486006268359,0,-0.010250744145554476,0.9517977062312583
0,7,False,0.0,2.0,0.5,0.13724346308796587,0,-0.10485955554390469,0.8639113202420746
0,8,False,0.0,2.0,0.5,0.13493211728316346,0,-0.05095045397159887,0.9370311241872583
0,9,False,0.0,2.0,0.5,0.06138723432269089,0,-0.08267203061672321,0.932350376466992
0,10,False,0.0,2.0,0.5,0.061227990136475174,0,-0.20576597539689542,0.8533497989370772
0,11,False,0.0,2.0,0.5,0.08130188909982283,0,-0.08345689021288893,0.9228278016480047
0,12,False,0.0,2.0,0.5,0.061477435974471306,0,-0.19743982960807202,0.8772631192913076
0,13,False,0.0,2.0,0.5,0.3039809626389919,1,-0.04587140596718449,0.895731632770879
0,14,False,0.0,2.0,0.5,0.06824509442868643,0,-0.033870204149386254,0.964574975444572
0,15,False,0.0,2.0,0.5,0.06377151931641734,0,-0.09193999983691098,0.8837150153229952
0,16,False,0.0,2.0,0.5,0.07526733380242268,0,-0.104142600923061,0.8855097584910335
0,17,False,0.0,2.0,0.5,0.06236363051116556,0,-0.11870061377513204,0.933330576112536
0,18,False,0.0,2.0,0.5,0.06146152395892901,0,-0.14666365528576553,0.8748681931988217
0,19,False,0.0,2.0,0.5,0.061121349145109916,0,-0.17407538175379425,0.8887330824672287
0,20,False,0.0,2.0,0.5,0.11102626785054515,0,-0.05774117113280365,0.9164580146801903
0,21,False,0.0,2.0,0.5,0.061343263574114015,0,-0.10889395995385201,0.873967971205033
0,22,False,0.0,2.0,0.5,0.06119985029356767,0,-0.03164172532835659,0.9303426513329623
0,23,False,0.0,2.0,0.5,0.24337435112465378,1,-0.05813778007714655,0.9146853131090064
0,24,False,0.0,2.0,0.5,0.06903074708529633,0,-0.17458790353052964,0.8774099106816352
0,25,False,0.0,2.0,0.5,0.06248715472498567,1,-0.19256912741391716,0.9164686866947627
0,26,False,0.0,2.0,0.5,0.06438281364400367,0,-0.052211084754530394,0.9602004735372631
0,27,False,0.0,2.0,0.5,0.06169118309573529,0,-0.052704709019615575,0.9038407460051193
0,28,False,0.0,2.0,0.5,0.09746862467826845,0,-0.21882744995980655,0.8595541582615119
0,29,False,0.0,2.0,0.5,0.07298370275139232,0,-0.06748119195266417,0.9265213751994361
0,30,False,0.0,2.0,0.5,0.09652551787950214,1,-0.14711319860405206,0.8579651434131695
0,31,False,0.0,2.0,0.5,0.14908166283389557,0,-0.0880481951458026,0.8793674367956555
0,32,False,0.0,2.0,0.5,0.062367296838233055,0,-0.04963896116078218,0.9339446397386081
0,33,False,0.0,2.0,0.5,0.061432982656075774,0,-0.21499746777782958,0.9104215165276561
0,34,False,0.0,2.0,0.5,0.062458835984408045,0,-0.06477120696727139,0.9635584911104151
0,35,False,0.0,2.0,0.5,0.06129273864077622,0,-0.041973803646492266,0.9672259300631
0,36,False,0.0,2.0,0.5,0.06986161741523078,0,-0.07702286230787746,0.9424600041103343
0,37,False,0.0,2.0,0.5,0.07864500205903391,0,-0.061272865067844386,0.9620371525479069
0,38,False,0.0,2.0,0.5,0.061103466860850886,0,-0.13323233309066135,0.8876162514320755
0,39,False,0.0,2.0,0.5,0.08814058664297131,0,-0.0774349734352894,0.9544766883455886
1,0,False,0.0,2.0,0.35,0.0613269742476692,0,-0.09439581392844924,0.8951728233199719
1,1,False,0.0,2.0,0.35,0.061490751526632303,0,-0.005409909544483832,0.914805760416344
1,2,False,0.0,2.0,0.35,0.06113055020811653,0,-0.17276591307689507,0.858762733316601
1,3,False,0.0,2.0,0.35,0.06185806769543234,0,-0.031752109705465284,0.9423856978067363
1,4,False,0.0,2.0,0.35,0.06125962475520652,0,-0.03475533057519061,0.9362589609921127
1,5,False,0.0,2.0,0.35,0.06335229591301961,0,-0.04443231376307863,0.9016590534576441
1,6,False,0.0,2.0,0.35,0.10009805679977046,0,-0.014300803808328749,0.9383008903029851
1,7,False,0.0,2.0,0.35,0.12656551439492192,0,-0.10549136637653908,0.8362770416179295
1,8,False,0.0,2.0,0.35,0.13501981719085798,0,-0.054020010376522355,0.9237267915821286
1,9,False,0.0,2.0,0.35,0.06130707588633799,0,-0.08642604708937218,0.917229381255119
1,10,False,0.0,2.0,0.35,0.061224650048836815,0,-0.20725294974473435,0.83733561294596
1,11,False,0.0,2.0,0.35,0.08532429461254887,0,-0.08246991008131264,0.9059039801090782
1,12,False,0.0,2.0,0.35,0.06155136888442381,0,-0.2030653942521248,0.8545327625025307
1,13,False,0.0,2.0,0.35,0.29349317172234024,1,-0.0490122712452729,0.8781065676593115
1,14,False,0.0,2.0,0.35,0.0681402029244551,0,-0.03507094310846732,0.9524615215599209
1,15,False,0.0,2.0,0.35,0.06342656031688665,0,-0.09636085841492818,0.8759984916253372
1,16,False,0.0,2.0,0.35,0.0743412532715243,1,-0.10562387668722341,0.8693886887673288
1,17,False,0.0,2.0,0.35,0.062308796867870275,0,-0.12368047874960333,0.9195424379500683
1,18,False,0.0,2.0,0.35,0.06122474621473728,0,-0.15583427594547655,0.8628901081784286
1,19,False,0.0,2.0,0.35,0.06111313617556324,0,-0.17583321742204203,0.8789897083613365
1,20,False,0.0,2.0,0.35,0.11586616465227939,0,-0.059367862343729885,0.9019015973689896
1,21,False,0.0,2.0,0.35,0.06131645876453251,0,-0.10850446984585135,0.8622514214192468
1,22,False,0.0,2.0,0.35,0.061212988434217075,0,-0.03420263435281851,0.9162533990835194
1,23,False,0.0,2.0,0.35,0.22163158814718975,1,-0.061807090530962366,0.8924878763316294
1,24,False,0.0,2.0,0.35,0.06841929323809315,0,-0.17581192121443537,0.871187965377627
1,25,False,0.0,2.0,0.35,0.06244303527311412,0,-0.1949273347745442,0.9017649132395186
1,26,False,0.0,2.0,0.35,0.06346991898090837,0,-0.057136350749065215,0.9437172137084895
1,27,False,0.0,2.0,0.35,0.06185045826447788,1,-0.05187062238381522,0.8830820296330317
1,28,False,0.0,2.0,0.35,0.09722336088582673,0,-0.21993848729090115,0.8474629345338486
1,29,False,0.0,2.0,0.35,0.0672313481904856,0,-0.07230815521889859,0.9153716276167201
1,30,False,0.0,2.0,0.35,0.10084552664605229,1,-0.14459210425630262,0.8483975637281943
1,31,False,0.0,2.0,0.35,0.15555205535084504,0,-0.08960114866370093,0.8682251329754161
1,32,False,0.0,2.0,0.35,0.0621359367311326,0,-0.05243961638318455,0.919094516882376
1,33,False,0.0,2.0,0.35,0.06140690714420316,0,-0.2170609859207313,0.8980624777829561
1,34,False,0.0,2.0,0.35,0.06188072678675205,0,-0.06827374264273833,0.9527755410749843
1,35,False,0.0,2.0,0.35,0.061348421049513324,0,-0.04131945319090366,0.9570413930664543
1,36,False,0.0,2.0,0.35,0.06810074403523692,0,-0.08215029210520217,0.9254534540344863
1,37,False,0.0,2.0,0.35,0.07390991516536272,0,-0.06292224173323599,0.9468848925312338
1,38,False,0.0,2.0,0.35,0.06109703138048572,0,-0.13607613872719468,0.8733366696720652
1,39,False,0.0,2.0,0.35,0.08837385416256038,0,-0.07816178208041094,0.9437431221537975
2,0,False,0.0,2.0,0.2,0.061353404338808426,0,-0.0967124002122036,0.8640330770874913
2,1,False,0.0,2.0,0.2,0.06152384471997663,0,-0.007889891109915214,0.8933806185792966
2,2,False,0.0,2.0,0.2,0.06115759875151905,0,-0.1766486362752392,0.825015883323714
2,3,False,0.0,2.0,0.2,0.061773859397566966,0,-0.03300687470849387,0.9189843089186222
2,4,False,0.0,2.0,0.2,0.061253493628285804,0,-0.036992917918702045,0.9124926386308535
2,5,False,0.0,2.0,0.2,0.06384289991369096,0,-0.04358673887852336,0.8719016659317812
2,6,False,0.0,2.0,0.2,0.09708946291241938,0,-0.016065873412679735,0.9193389099416531
2,7,False,0.0,2.0,0.2,0.12855463384821486,0,-0.10791741452021458,0.8005594842016404
2,8,False,0.0,2.0,0.2,0.1350204464377286,0,-0.057924798661477386,0.9025328240482261
2,9,False,0.0,2.0,0.2,0.06125301056706567,0,-0.09004011920066332,0.8953727547938366
2,10,False,0.0,2.0,0.2,0.061231152798308264,0,-0.20921058381415147,0.8113338681011762
2,11,False,0.0,2.0,0.2,0.09110463132339264,0,-0.08125726610470228,0.8878769401711877
2,12,False,0.0,2.0,0.2,0.06127822540633032,0,-0.20381667158910727,0.8182781595490044
2,13,False,0.0,2.0,0.2,0.2886370310627444,1,-0.052130552419220134,0.8551839573119424
2,14,False,0.0,2.0,0.2,0.06824470611092048,0,-0.03593610549454222,0.9308467691143243
2,15,False,0.0,2.0,0.2,0.06121575714348437,0,-0.09844848446900129,0.841850091815403
2,16,False,0.0,2.0,0.2,0.07368419346428434,0,-0.11059681384491558,0.8480545126164758
2,17,False,0.0,2.0,0.2,0.062272606911476514,0,-0.12960728970903343,0.8941224764665411
2,18,False,0.0,2.0,0.2,0.061571215307329896,0,-0.15134243249763643,0.8184530325733159
2,19,False,0.0,2.0,0.2,0.06110680633085097,0,-0.17921800787677597,0.8558958488836527
2,20,False,0.0,2.0,0.2,0.11386868710140985,0,-0.057816813818496765,0.8788197285135769
2,21,False,0.0,2.0,0.2,0.06157061591208768,0,-0.10610318152693872,0.8328062099022852
2,22,False,0.0,2.0,0.2,0.0612714534413914,0,-0.034619364033367094,0.8980274301830015
2,23,False,0.0,2.0,0.2,0.19666640343989084,1,-0.06679190539021726,0.8649481473097177
2,24,False,0.0,2.0,0.2,0.06803328093808858,0,-0.1783968367770442,0.8428437261730185
2,25,False,0.0,2.0,0.2,0.06233820418182945,0,-0.19700282591173876,0.876563288901563
2,26,False,0.0,2.0,0.2,0.06264326650012475,0,-0.06419451384959561,0.9192638381101254
2,27,False,0.0,2.0,0.2,0.06131856892631049,1,-0.05379703005481623,0.8538897371895003
2,28,False,0.0,2.0,0.2,0.09676062643277039,0,-0.2206820674232515,0.8137125732147285
2,29,False,0.0,2.0,0.2,0.06562095210098184,0,-0.07696471139384417,0.8877893895137132
2,30,False,0.0,2.0,0.2,0.10444704281068884,1,-0.15020699681929617,0.830966032175407
2,31,False,0.0,2.0,0.2,0.1572745022235168,0,-0.09062709269738875,0.8405930370563046
2,32,False,0.0,2.0,0.2,0.061992977918458925,0,-0.05551369741264091,0.8960245946135112
2,33,False,0.0,2.0,0.2,0.06137472250123921,0,-0.21951083064184454,0.8698478539575026
2,34,False,0.0,2.0,0.2,0.06156369530374872,0,-0.07306281875945286,0.9250527909649585
2,35,False,0.0,2.0,0.2,0.061344947642346326,0,-0.041118994797910945,0.931936685364574
2,36,False,0.0,2.0,0.2,0.06790156873337028,0,-0.08543802699908838,0.8970494624696967
2,37,False,0.0,2.0,0.2,0.07421983256745668,0,-0.06657515400095894,0.9247480433533001
2,38,False,0.0,2.0,0.2,0.06113045591240629,0,-0.13588736315947064,0.8503111619725306
2,39,False,0.0,2.0,0.2,0.08863841034339504,0,-0.07938989935137185,0.918051434147274
3,0,False,0.0,2.5,0.5,0.06148662920327663,0,-0.08915973822645717,0.8949764924129884
3,1,False,0.0,2.5,0.5,0.062292454629170324,0,-0.0031077830366627594,0.9275552518039796
3,2,False,0.0,2.5,0.5,0.06276746737348782,0,-0.16674017424455062,0.8669666115583106
3,3,False,0.0,2.5,0.5,0.06287870549646912,0,-0.028942062141627832,0.9532824733976775
3,4,False,0.0,2.5,0.5,0.061335622864846395,1,-0.032313598187652316,0.9474238280242862
3,5,False,0.0,2.5,0.5,0.06380879012070995,0,-0.04243558385928328,0.9086415240655015
3,6,False,0.0,2.5,0.5,0.10941540527015281,0,-0.009841499879757302,0.9501821347105878
3,7,False,0.0,2.5,0.5,0.13650371871000855,0,-0.10560434406648045,0.853068094890622
3,8,False,0.0,2.5,0.5,0.13517646734438638,0,-0.050426938406318844,0.9367934092047856
3,9,False,0.0,2.5,0.5,0.06142251804589316,0,-0.08283482127761055,0.9293044492206466
3,10,False,0.0,2.5,0.5,0.061232110707808096,0,-0.20542545623448208,0.8402656158123409
3,11,False,0.0,2.5,0.5,0.08228069127527726,0,-0.08384013783740761,0.9204098667867927
3,12,False,0.0,2.5,0.5,0.06145613164970487,0,-0.1979836192658769,0.8668429954734829
3,13,False,0.0,2.5,0.5,0.30429485956887836,1,-0.046195930989837854,0.8818690938840781
3,14,False,0.0,2.5,0.5,0.0689792992647803,0,-0.03300280966552658,0.9650240907331074
3,15,False,0.0,2.5,0.5,0.06377174281935072,0,-0.09142232076818303,0.8766374941341248
3,16,False,0.0,2.5,0.5,0.07626678933940778,0,-0.10246713811280586,0.879319316182707
3,17,False,0.0,2.5,0.5,0.06242324147455436,0,-0.11782484492754824,0.9304604768549876
3,18,False,0.0,2.5,0.5,0.061502937902565225,0,-0.14624243461812184,0.8668982625414602
3,19,False,0.0,2.5,0.5,0.06112041875416652,0,-0.1746755730790945,0.8866850449497363
3,20,False,0.0,2.5,0.5,0.11077878655065876,0,-0.05838806688963303,0.9104800348338056
3,21,False,0.0,2.5,0.5,0.06134456604275029,0,-0.11044589094640514,0.8663094805979761
3,22,False,0.0,2.5,0.5,0.061240802356321566,0,-0.031110399481873423,0.9299491858882265
3,23,False,0.0,2.5,0.5,0.22460194879363127,0,-0.05730161176071506,0.9079711159643922
3,24,False,0.0,2.5,0.5,0.06906349458820826,0,-0.17501178592789565,0.8726287484749625
3,25,False,0.0,2.5,0.5,0.06248953295588611,0,-0.19281457754382933,0.9117250839522169
3,26,False,0.0,2.5,0.5,0.06479148843471383,0,-0.05284628152015319,0.9563967869208898
3,27,False,0.0,2.5,0.5,0.06153850667471794,0,-0.05307514620556356,0.8922876005071814
3,28,False,0.0,2.5,0.5,0.09740446898549626,0,-0.21964931609606086,0.8518595336211078
3,29,False,0.0,2.5,0.5,0.07524008517132019,0,-0.06616302702276941,0.9230129904935083
3,30,False,0.0,2.5,0.5,0.09045475901232702,1,-0.149467843163402,0.8472408190018255
3,31,False,0.0,2.5,0.5,0.15031562722096192,0,-0.09082055707306125,0.8705805917834001
3,32,False,0.0,2.5,0.5,0.062448840623158586,0,-0.05026313068324485,0.929581165691952
3,33,False,0.0,2.5,0.5,0.06153650987094461,0,-0.21564159695468715,0.9065817733595964
3,34,False,0.0,2.5,0.5,0.06314616958272423,0,-0.06314962981524957,0.9611778426414924
3,35,False,0.0,2.5,0.5,0.0612917489434337,0,-0.04202808949507448,0.9677947066516891
3,36,False,0.0,2.5,0.5,0.06973951019953406,0,-0.07835823852504151,0.9350644539847898
3,37,False,0.0,2.5,0.5,0.07996800032825468,0,-0.06064957373900115,0.9601109167656919
3,38,False,0.0,2.5,0.5,0.06110642774027253,0,-0.13281993779380952,0.87943935967444
3,39,False,0.0,2.5,0.5,0.08819454705287277,0,-0.07746722483601753,0.9528531420973719
4,0,False,0.0,2.5,0.35,0.061380479619593475,0,-0.09520340233453481,0.8801800849361352
4,1,False,0.0,2.5,0.35,0.06181066400058355,0,-0.004737626918170743,0.9118364636665017
4,2,False,0.0,2.5,0.35,0.061262252003504436,0,-0.1747200928450895,0.8475650143952124
4,3,False,0.0,2.5,0.35,0.06212852556979609,0,-0.031221585128565536,0.9379316256610094
4,4,False,0.0,2.5,0.35,0.06126892195347633,0,-0.034729887577937664,0.9338462919231372
4,5,False,0.0,2.5,0.35,0.06459853137237348,0,-0.041625191426086415,0.8975200374848965
4,6,False,0.0,2.5,0.35,0.10222754824771085,0,-0.012921840256390031,0.9367475801105115
4,7,False,0.0,2.5,0.35,0.12670298617154896,0,-0.10631825956896457,0.8243517897203991
4,8,False,0.0,2.5,0.35,0.13522351073842975,0,-0.05370167627492432,0.9223962333314725
4,9,False,0.0,2.5,0.35,0.061322947954393525,0,-0.08631572044776496,0.9133693183343738
4,10,False,0.0,2.5,0.35,0.061226264892966675,0,-0.20778103982091542,0.8229577217281653
4,11,False,0.0,2.5,0.35,0.08205865200578544,0,-0.08306367160354132,0.9065076995764134
4,12,False,0.0,2.5,0.35,0.06151229280335713,0,-0.20110771054613102,0.8400667302051975
4,13,False,0.0,2.5,0.35,0.29319199447778976,1,-0.05065217045806958,0.8731339443841875
4,14,False,0.0,2.5,0.35,0.06863405513777998,0,-0.034647199897033625,0.9509894571845253
4,15,False,0.0,2.5,0.35,0.06338671944699881,0,-0.09462847486620425,0.8591700434455182
4,16,False,0.0,2.5,0.35,0.0737943188948299,0,-0.1080193650570763,0.8617395078683524
4,17,False,0.0,2.5,0.35,0.062356978108245587,0,-0.12277920750274819,0.9160091345201893
4,18,False,0.0,2.5,0.35,0.06123116562042419,0,-0.1579728347663677,0.8527311636664738
4,19,False,0.0,2.5,0.35,0.061112711322622415,0,-0.17608758503627853,0.8751740032778458
4,20,False,0.0,2.5,0.35,0.10929297777960345,0,-0.05840106373191097,0.8976022238626185
4,21,False,0.0,2.5,0.35,0.061317300564288746,0,-0.11301923351665158,0.8495986586007399
4,22,False,0.0,2.5,0.35,0.061235422189426236,0,-0.03266356162450006,0.9121043528454303
4,23,False,0.0,2.5,0.35,0.22656894986594445,1,-0.06155964201297004,0.8846048180024924
4,24,False,0.0,2.5,0.35,0.06841296767325222,0,-0.17624681114192675,0.866153833848373
4,25,False,0.0,2.5,0.35,0.062441278775341225,0,-0.19504126447030265,0.898269423856656
4,26,False,0.0,2.5,0.35,0.06373707774088966,0,-0.05698561555293901,0.9426175985365254
4,27,False,0.0,2.5,0.35,0.061384879729712405,0,-0.05607036189999491,0.8773557690827264
4,28,False,0.0,2.5,0.35,0.09716646508534943,0,-0.22074387074380625,0.8391608211634624
4,29,False,0.0,2.5,0.35,0.06801362632923957,0,-0.07105612385264641,0.90775857868658
4,30,False,0.0,2.5,0.35,0.10169229477225228,1,-0.14581724914920124,0.837867864453914
4,31,False,0.0,2.5,0.35,0.15602714461907108,0,-0.09347474434306809,0.8554937701549405
4,32,False,0.0,2.5,0.35,0.06219479795252636,0,-0.051881426062387534,0.9141227653443833
4,33,False,0.0,2.5,0.35,0.06140295344577751,0,-0.2173986367590126,0.8939186916779776
4,34,False,0.0,2.5,0.35,0.06199640659212402,0,-0.06771412674808475,0.9517553911682477
4,35,False,0.0,2.5,0.35,0.06135936384815255,0,-0.041523489573060735,0.9536233545600137
4,36,False,0.0,2.5,0.35,0.06875818082783869,0,-0.08048893454773809,0.9205856013587774
4,37,False,0.0,2.5,0.35,0.07440296154289583,0,-0.0631640154095532,0.9483477522651311
4,38,False,0.0,2.5,0.35,0.06109921596085488,0,-0.13586482598603694,0.8639244406322205
4,39,False,0.0,2.5,0.35,0.08842433016792883,0,-0.07833439405008544,0.939150517918464
5,0,False,0.0,2.5,0.2,0.06137213179615919,0,-0.09557949748261678,0.8550514776171015
5,1,False,0.0,2.5,0.2,0.061441953728149756,0,-0.008867300150750242,0.8897387504432055
5,2,False,0.0,2.5,0.2,0.06114847617320118,0,-0.1759019922128799,0.8151909207793356
5,3,False,0.0,2.5,0.2,0.06190806606733246,0,-0.033506794424411214,0.9153217846907344
5,4,False,0.0,2.5,0.2,0.06126378119738274,0,-0.036549251586053245,0.9108420683932258
5,5,False,0.0,2.5,0.2,0.06367367840683413,0,-0.04539796673543543,0.8665224419256525
5,6,False,0.0,2.5,0.2,0.09787131965362172,0,-0.015548135176315482,0.916678090698492
5,7,False,0.0,2.5,0.2,0.12833230870978796,0,-0.10890470299123248,0.7873812738689798
5,8,False,0.0,2.5,0.2,0.13517140471506017,0,-0.05766545182289178,0.9008807617236723
5,9,False,0.0,2.5,0.2,0.0612647129104128,0,-0.0898284113889236,0.8905826377972875
5,10,False,0.0,2.5,0.2,0.06123406644551399,0,-0.21067576400956745,0.7988322756419737
5,11,False,0.0,2.5,0.2,0.09301490837392123,0,-0.08218519433568168,0.8821586623306013
5,12,False,0.0,2.5,0.2,0.06125576363854057,0,-0.2048181630989036,0.8053581232153338
5,13,False,0.0,2.5,0.2,0.2884272991022082,1,-0.05305252947985373,0.8452778777784721
5,14,False,0.0,2.5,0.2,0.06765019729936073,0,-0.03616095216287807,0.9281036894643924
5,15,False,0.0,2.5,0.2,0.06121571033598305,0,-0.09975647532418086,0.8247012095201133
5,16,False,0.0,2.5,0.2,0.0749341177973688,0,-0.10931905155627275,0.8317603575848062
5,17,False,0.0,2.5,0.2,0.062309880839429455,0,-0.128819689080975,0.889591858676041
5,18,False,0.0,2.5,0.2,0.06124129874667228,0,-0.1619587494410814,0.8201578002916443
5,19,False,0.0,2.5,0.2,0.06110632712335484,0,-0.179607438199172,0.8513883544192329
5,20,False,0.0,2.5,0.2,0.11341266694495489,0,-0.059533129217606284,0.8707749075665294
5,21,False,0.0,2.5,0.2,0.06159765824670893,0,-0.1056402615633093,0.8258609319358488
5,22,False,0.0,2.5,0.2,0.06129087612188078,0,-0.03450876850781076,0.896586788091538
5,23,False,0.0,2.5,0.2,0.20156813936539264,1,-0.06657049745470538,0.8539288706066956
5,24,False,0.0,2.5,0.2,0.06799366666179985,0,-0.1789660352795549,0.8367108766037212
5,25,False,0.0,2.5,0.2,0.062338186769158366,0,-0.19626515573453895,0.8788747456785377
5,26,False,0.0,2.5,0.2,0.06284952049441184,0,-0.06267237072010369,0.9180275485696986
5,27,False,0.0,2.5,0.2,0.061247120728946,0,-0.05700573890344054,0.8468798536186031
5,28,False,0.0,2.5,0.2,0.09667225347762609,0,-0.22333194200157827,0.8090810144076958
5,29,False,0.0,2.5,0.2,0.06597970594181835,0,-0.0751439010290057,0.8800421049303895
5,30,False,0.0,2.5,0.2,0.1032296922539655,1,-0.15203857435171153,0.8009287814410794
5,31,False,0.0,2.5,0.2,0.1556272405836957,0,-0.09160937968727383,0.829541737106742
5,32,False,0.0,2.5,0.2,0.0620331825820688,0,-0.05516151641829124,0.889985521203312
5,33,False,0.0,2.5,0.2,0.06137050186283477,0,-0.21980538669299526,0.8647999247412207
5,34,False,0.0,2.5,0.2,0.061620717798865465,0,-0.07120044572383616,0.9258397777942362
5,35,False,0.0,2.5,0.2,0.06136894333442133,0,-0.04090473076053453,0.9309627699528917
5,36,False,0.0,2.5,0.2,0.06889317891389068,0,-0.08476042608001362,0.8886247584320176
5,37,False,0.0,2.5,0.2,0.07474544639033343,0,-0.06690572893125803,0.9256292602681814
5,38,False,0.0,2.5,0.2,0.06112752677237254,0,-0.1385610588451182,0.8357380106128631
5,39,False,0.0,2.5,0.2,0.08866613185712657,0,-0.07985136595280401,0.9139051097114866
6,0,False,0.0,3.0,0.5,0.06149448833972804,1,-0.08916305065635377,0.8909444765018799
6,1,False,0.0,3.0,0.5,0.06258394408836832,0,-0.0020111813798005967,0.9215242311411481
6,2,False,0.0,3.0,0.5,0.06115298165757177,0,-0.16931276656039493,0.8608263669759062
6,3,False,0.0,3.0,0.5,0.06285658375657677,0,-0.028212462051403868,0.9539344216390588
6,4,False,0.0,3.0,0.5,0.061401957143325636,0,-0.031541162479645404,0.9457307773718211
6,5,False,0.0,3.0,0.5,0.06403743849492338,0,-0.041299027120035046,0.8956269804480939
6,6,False,0.0,3.0,0.5,0.10227920827804671,0,-0.010041922573198853,0.9498195126546639
6,7,False,0.0,3.0,0.5,0.13642026546893482,0,-0.10615697477663624,0.8416317745412659
6,8,False,0.0,3.0,0.5,0.13559626554274706,0,-0.04987223726695946,0.9356384239468927
6,9,False,0.0,3.0,0.5,0.06135363876145539,0,-0.08247689683422392,0.9252093963653504
6,10,False,0.0,3.0,0.5,0.061231027249629255,0,-0.20625868439710032,0.8392873388525964
6,11,False,0.0,3.0,0.5,0.08300992900371906,0,-0.08308203715899164,0.910141657696549
6,12,False,0.0,3.0,0.5,0.061440092142330927,0,-0.1974439880266925,0.8578053371402754
6,13,False,0.0,3.0,0.5,0.3043657387251162,1,-0.04785793160506815,0.8732014006801065
6,14,False,0.0,3.0,0.5,0.0714276021788588,0,-0.03314145714365036,0.9622067645675721
6,15,False,0.0,3.0,0.5,0.0637911572322889,0,-0.09120690516685778,0.8683762997873707
6,16,False,0.0,3.0,0.5,0.07620523860643569,0,-0.10437250089096548,0.8719648748401956
6,17,False,0.0,3.0,0.5,0.06249526269283123,0,-0.11672904979175568,0.9273822872507296
6,18,False,0.0,3.0,0.5,0.06157549326556222,0,-0.14535427201471576,0.8536455506966877
6,19,False,0.0,3.0,0.5,0.0611204947022449,0,-0.17554887482079606,0.8802603770482055
6,20,False,0.0,3.0,0.5,0.11388144561359992,0,-0.05923363409838183,0.9016868362998163
6,21,False,0.0,3.0,0.5,0.06119559713806155,0,-0.10807220096683258,0.8614773892475928
6,22,False,0.0,3.0,0.5,0.06122977094823079,0,-0.03074768484467043,0.9245131668719179
6,23,False,0.0,3.0,0.5,0.23867239153516395,0,-0.06070849448873229,0.8981860713976483
6,24,False,0.0,3.0,0.5,0.0691068491380541,0,-0.17539865446820085,0.8678321052110152
6,25,False,0.0,3.0,0.5,0.06249263088058321,0,-0.19277633327428842,0.9104839218646625
6,26,False,0.0,3.0,0.5,0.06528092283174192,0,-0.052100845619036426,0.9560808751379699
6,27,False,0.0,3.0,0.5,0.06118101017403177,0,-0.0568860821290191,0.8925228914223732
6,28,False,0.0,3.0,0.5,0.09737264660885836,0,-0.22011980999253244,0.8473218406786533
6,29,False,0.0,3.0,0.5,0.0783948280042992,0,-0.06500246753176982,0.9187037271912671
6,30,False,0.0,3.0,0.5,0.09113030335338423,1,-0.15021370120032132,0.8366789174203685
6,31,False,0.0,3.0,0.5,0.1517984252309913,0,-0.09149838964438166,0.860560333910939
6,32,False,0.0,3.0,0.5,0.06255150896212935,0,-0.04961674076483312,0.9248799362777935
6,33,False,0.0,3.0,0.5,0.061533304335605665,0,-0.21591894119493688,0.9029112595064039
6,34,False,0.0,3.0,0.5,0.06357512683874866,0,-0.06194503212241633,0.9585227364806894
6,35,False,0.0,3.0,0.5,0.06132403613152526,1,-0.040876543679255035,0.9664464792608245
6,36,False,0.0,3.0,0.5,0.07139456896495955,0,-0.07447980097521054,0.9345853775921389
6,37,False,0.0,3.0,0.5,0.07501805289797292,0,-0.05964340427436172,0.9582848690952914
6,38,False,0.0,3.0,0.5,0.06111012348316669,0,-0.13235738124158755,0.8710069870338663
6,39,False,0.0,3.0,0.5,0.08824790048312048,0,-0.07747689426476807,0.9512527230917902
7,0,False,0.0,3.0,0.35,0.061404170340718545,0,-0.09256683135233924,0.867063220935584
7,1,False,0.0,3.0,0.35,0.06225744572316638,0,-0.002935123251128466,0.9124006024586006
7,2,False,0.0,3.0,0.35,0.0611231169583788,0,-0.17370295603051925,0.8348917235297935
7,3,False,0.0,3.0,0.35,0.06235856383151739,0,-0.029560177706032042,0.9329024680373741
7,4,False,0.0,3.0,0.35,0.061340192843201136,0,-0.03431922312470983,0.9334103221294984
7,5,False,0.0,3.0,0.35,0.06338839585959222,0,-0.043922419844467674,0.886404851955104
7,6,False,0.0,3.0,0.35,0.10246518692978102,0,-0.012691655527098854,0.9378812950107469
7,7,False,0.0,3.0,0.35,0.1359321946479951,0,-0.11275706091634363,0.8164453844272166
7,8,False,0.0,3.0,0.35,0.1357436180900068,0,-0.052896361134683656,0.9203130545321079
7,9,False,0.0,3.0,0.35,0.06135193779913872,0,-0.08523323289644837,0.9067140304343585
7,10,False,0.0,3.0,0.35,0.06123497761608521,0,-0.20912129693777456,0.8191520087628724
7,11,False,0.0,3.0,0.35,0.08277055601766237,0,-0.08508944059291262,0.8998263128374826
7,12,False,0.0,3.0,0.35,0.06147723491604029,0,-0.20173397823998648,0.8277559013374768
7,13,False,0.0,3.0,0.35,0.2947300090068269,1,-0.05045135105285214,0.8619248649624769
7,14,False,0.0,3.0,0.35,0.06887501280080699,0,-0.033691093307373673,0.9498964265895666
7,15,False,0.0,3.0,0.35,0.06335924866416798,0,-0.09450006120453235,0.848967189764219
7,16,False,0.0,3.0,0.35,0.07425697467660697,0,-0.10776045609313692,0.8495582269440766
7,17,False,0.0,3.0,0.35,0.062412890507539065,0,-0.12174444727633056,0.9122659695477968
7,18,False,0.0,3.0,0.35,0.06126408856672527,0,-0.15725199888953248,0.8425374329333342
7,19,False,0.0,3.0,0.35,0.06111234862647019,0,-0.17708753195756657,0.8713488733082765
7,20,False,0.0,3.0,0.35,0.1089161043475464,0,-0.05930971622876005,0.8897627870018796
7,21,False,0.0,3.0,0.35,0.06132541178189077,0,-0.11370673117524766,0.8391612313235943
7,22,False,0.0,3.0,0.35,0.06125555335851096,0,-0.03237905448310476,0.9087085151071771
7,23,False,0.0,3.0,0.35,0.204686275181988,0,-0.06033815438934846,0.8756345102815792
7,24,False,0.0,3.0,0.35,0.06841620559152273,0,-0.1766686479050619,0.8610956588855219
7,25,False,0.0,3.0,0.35,0.062438207104823173,0,-0.19478599207857092,0.8972699219680988
7,26,False,0.0,3.0,0.35,0.06422824645167113,0,-0.0553025612282104,0.9408095344442826
7,27,False,0.0,3.0,0.35,0.06120404936755797,0,-0.05423865414882063,0.8632729043370067
7,28,False,0.0,3.0,0.35,0.09710674025026722,0,-0.22166800895525104,0.8306347066878986
7,29,False,0.0,3.0,0.35,0.06794716274035217,1,-0.07260382253150961,0.9036631583118674
7,30,False,0.0,3.0,0.35,0.10299987999225224,1,-0.14675019801138534,0.8266984476600585
7,31,False,0.0,3.0,0.35,0.1572258622832361,0,-0.0925775875295836,0.8494886562117306
7,32,False,0.0,3.0,0.35,0.06226716719153169,0,-0.051224646858781496,0.9088652742232562
7,33,False,0.0,3.0,0.35,0.06151104677602548,0,-0.21559373332638546,0.8869476557959735
7,34,False,0.0,3.0,0.35,0.06216346924212046,0,-0.06625867172675588,0.9499923267259547
7,35,False,0.0,3.0,0.35,0.061306318421442185,1,-0.04243055492423269,0.9498804858873676
7,36,False,0.0,3.0,0.35,0.0698861668777715,0,-0.07960647547029416,0.9159326986406909
7,37,False,0.0,3.0,0.35,0.08014206517643285,0,-0.061336674078271834,0.9421002768349389
7,38,False,0.0,3.0,0.35,0.0611019313753991,0,-0.13571624275154387,0.8532556024288773
7,39,False,0.0,3.0,0.35,0.08847589864880967,0,-0.07812247806240406,0.9355512543562198
8,0,False,0.0,3.0,0.2,0.06141539386930506,1,-0.09382410056575545,0.8421926790379916
8,1,False,0.0,3.0,0.2,0.061457173623944206,0,-0.007891111123867728,0.8872368504937072
8,2,False,0.0,3.0,0.2,0.061586891449955106,0,-0.1726169473421571,0.7953926640764672
8,3,False,0.0,3.0,0.2,0.06358941478816571,0,-0.03201114712019102,0.9080209499262258
8,4,False,0.0,3.0,0.2,0.061246197541124814,0,-0.036823966250673315,0.9102664059402661
8,5,False,0.0,3.0,0.2,0.06370747811073985,0,-0.04734757703658463,0.8560098711341892
8,6,False,0.0,3.0,0.2,0.11160306437398937,0,-0.014573819117283926,0.9150035023244754
8,7,False,0.0,3.0,0.2,0.12840816454625503,0,-0.10971399605758615,0.7740306310300381
8,8,False,0.0,3.0,0.2,0.13541780165864725,0,-0.05733390271996248,0.8991800066721934
8,9,False,0.0,3.0,0.2,0.061280507012163365,0,-0.08964448195337651,0.88679515984459
8,10,False,0.0,3.0,0.2,0.061239329403687925,0,-0.21120798292973128,0.7858677047881617
8,11,False,0.0,3.0,0.2,0.0833845929330741,0,-0.08212592096002508,0.8748477660921585
8,12,False,0.0,3.0,0.2,0.06131963186810652,0,-0.20468144093904198,0.7948827323141305
8,13,False,0.0,3.0,0.2,0.29000596207337037,1,-0.0535870910754006,0.8325510099509813
8,14,False,0.0,3.0,0.2,0.0682645767290172,0,-0.03500812100984932,0.9223704110469019
8,15,False,0.0,3.0,0.2,0.061201248677681175,0,-0.102884485610031,0.8227877299505798
8,16,False,0.0,3.0,0.2,0.07534767703938605,0,-0.10651574735826863,0.8228981258360019
8,17,False,0.0,3.0,0.2,0.06235626763353108,0,-0.12794501264183417,0.8848548517819971
8,18,False,0.0,3.0,0.2,0.06124776190606662,0,-0.16204543254579387,0.8075141306345889
8,19,False,0.0,3.0,0.2,0.0611058822186622,0,-0.17997952402420048,0.8468520763629619
8,20,False,0.0,3.0,0.2,0.11417159388558373,0,-0.05997628288708808,0.8634527931865265
8,21,False,0.0,3.0,0.2,0.06139008610212071,0,-0.11071118341514342,0.8085426210864457
8,22,False,0.0,3.0,0.2,0.06130911216789814,0,-0.03477829657080156,0.8862132298400534
8,23,False,0.0,3.0,0.2,0.20873894775298418,1,-0.06408659294795481,0.8425619879654589
8,24,False,0.0,3.0,0.2,0.06797029601195581,0,-0.1795360649224022,0.8305617132598738
8,25,False,0.0,3.0,0.2,0.06233541525927977,0,-0.1961634124689895,0.8769607383613306
8,26,False,0.0,3.0,0.2,0.06298529332355696,0,-0.06203165887882857,0.916847165421902
8,27,False,0.0,3.0,0.2,0.06127435348569499,0,-0.057924798331285235,0.8283841235843341
8,28,False,0.0,3.0,0.2,0.09662330349288184,0,-0.22442530026985566,0.7991684089921849
8,29,False,0.0,3.0,0.2,0.06670298586621448,0,-0.07494111750655348,0.8720564785376496
8,30,False,0.0,3.0,0.2,0.10291481239086553,1,-0.15297623750858833,0.789039656731621
8,31,False,0.0,3.0,0.2,0.1548625229981525,0,-0.09329820406763091,0.8178179107943627
8,32,False,0.0,3.0,0.2,0.06208072966593636,0,-0.05472297964817326,0.8836676574841944
8,33,False,0.0,3.0,0.2,0.0613664046064073,0,-0.22028735302154906,0.8594039243067931
8,34,False,0.0,3.0,0.2,0.06146153364698381,0,-0.07015259140894467,0.9190265965521406
8,35,False,0.0,3.0,0.2,0.06141773396504768,0,-0.04090725700815368,0.9272953515801355
8,36,False,0.0,3.0,0.2,0.07001627093095253,0,-0.08404566137821326,0.8825319744881023
8,37,False,0.0,3.0,0.2,0.07538223682359368,0,-0.06515352162859739,0.9195068084691127
8,38,False,0.0,3.0,0.2,0.06112838573357182,0,-0.13870155463014194,0.8243663847091144
8,39,False,0.0,3.0,0.2,0.08869240794394495,0,-0.07984364934189042,0.90928612628769
9,0,False,0.5,2.0,0.5,0.061457680949533855,0,-0.09027769929579352,0.898072327628937
9,1,False,0.5,2.0,0.5,0.062294550807500904,0,-0.00429499297424365,0.9253618287204778
9,2,False,0.5,2.0,0.5,0.06132251672165456,0,-0.17436882501946002,0.8695501317276165
9,3,False,0.5,2.0,0.5,0.06199926447017645,0,-0.028744591922531725,0.9530487123963401
9,4,False,0.5,2.0,0.5,0.06130003708589282,0,-0.03292386503075342,0.9400259550353179
9,5,False,0.5,2.0,0.5,0.06492798798560617,0,-0.04186270098228105,0.9145641796090143
9,6,False,0.5,2.0,0.5,0.10789249114289623,0,-0.012468516447422025,0.9456960449519095
9,7,False,0.5,2.0,0.5,0.13678848935365173,0,-0.1060016866268475,0.8579316637975068
9,8,False,0.5,2.0,0.5,0.13655081839195993,0,-0.0520221075270206,0.9331144669302782
9,9,False,0.5,2.0,0.5,0.061396836422,0,-0.08392138429347175,0.9244638546065496
9,10,False,0.5,2.0,0.5,0.06124418701308376,0,-0.20523008209883142,0.8439587263341438
9,11,False,0.5,2.0,0.5,0.0843230478484297,0,-0.08457450164967588,0.918788988483499
9,12,False,0.5,2.0,0.5,0.06161899331365017,0,-0.20209867240519436,0.8647507095262612
9,13,False,0.5,2.0,0.5,0.3011905930081574,1,-0.04850230059051053,0.8902521342222637
9,14,False,0.5,2.0,0.5,0.06762085996440881,0,-0.035109614572676605,0.9618466437605573
9,15,False,0.5,2.0,0.5,0.06367116686449859,0,-0.0950426536128802,0.8794779798469877
9,16,False,0.5,2.0,0.5,0.07408621229940726,1,-0.10416216445982804,0.8747854840362729
9,17,False,0.5,2.0,0.5,0.06288341465121727,0,-0.1186993210172773,0.9289430504696718
9,18,False,0.5,2.0,0.5,0.06145212915477405,0,-0.14807333974687736,0.8687277669279865
9,19,False,0.5,2.0,0.5,0.06111283017926783,0,-0.17606155202526616,0.8874811293704953
9,20,False,0.5,2.0,0.5,0.11415819278304318,0,-0.060563276257218045,0.9092623240675793
9,21,False,0.5,2.0,0.5,0.061544465763671674,0,-0.10580926757013039,0.8719078957018901
9,22,False,0.5,2.0,0.5,0.06141696330160662,0,-0.032196030878384664,0.9260232766777265
9,23,False,0.5,2.0,0.5,0.22765437451470327,1,-0.05782276085523877,0.9037368214725838
9,24,False,0.5,2.0,0.5,0.06907908071947833,0,-0.1753412453004013,0.8795638151228186
9,25,False,0.5,2.0,0.5,0.0625159732927697,0,-0.1935965388536789,0.9063697395906535
9,26,False,0.5,2.0,0.5,0.067715677977639,0,-0.0522347802119139,0.9566183438324004
9,27,False,0.5,2.0,0.5,0.06136811738474035,0,-0.05071833903845643,0.8979386465079896
9,28,False,0.5,2.0,0.5,0.09728800433865492,0,-0.21948571538428316,0.8557625390014155
9,29,False,0.5,2.0,0.5,0.06979554480837735,0,-0.06881642293111993,0.9250510814421353
9,30,False,0.5,2.0,0.5,0.09555065258534201,1,-0.14808272201156406,0.8548671511872733
9,31,False,0.5,2.0,0.5,0.13900896003854957,0,-0.0911140181749109,0.8836150675287132
9,32,False,0.5,2.0,0.5,0.06252915089081545,0,-0.04975498986668641,0.9298380779490617
9,33,False,0.5,2.0,0.5,0.061650092187597094,0,-0.21255832912980985,0.9059557491084808
9,34,False,0.5,2.0,0.5,0.06340755546262145,0,-0.0634977579044879,0.9577983264161393
9,35,False,0.5,2.0,0.5,0.06133732749705423,0,-0.04269094732819215,0.9663277778071394
9,36,False,0.5,2.0,0.5,0.07673778704797096,0,-0.07996433103028877,0.9329335873491746
9,37,False,0.5,2.0,0.5,0.08191926963181173,0,-0.0615837750628567,0.958533703228947
9,38,False,0.5,2.0,0.5,0.061120433161520715,0,-0.13393076059549952,0.88190604153136
9,39,False,0.5,2.0,0.5,0.08857893319669075,0,-0.07880672179937008,0.9506228002694513
10,0,False,0.5,2.0,0.35,0.061425368310284,0,-0.09314829769278671,0.8861975915980982
10,1,False,0.5,2.0,0.35,0.0620141244330038,0,-0.0053294783167032525,0.9125037404568077
10,2,False,0.5,2.0,0.35,0.061242100251321485,0,-0.1748216773224634,0.8529344325708543
10,3,False,0.5,2.0,0.35,0.061869795682382045,0,-0.031026018512878905,0.9388697702941479
10,4,False,0.5,2.0,0.35,0.061267871422296616,0,-0.03511097425207374,0.9298281870074049
10,5,False,0.5,2.0,0.35,0.06439560580590176,0,-0.044319452804078605,0.8941297660863514
10,6,False,0.5,2.0,0.35,0.10080656990276426,0,-0.01540904584513689,0.9343457458520854
10,7,False,0.5,2.0,0.35,0.12677866256614367,0,-0.1065938723495446,0.829694325929753
10,8,False,0.5,2.0,0.35,0.13637533952459502,0,-0.05472036326993287,0.918138767735916
10,9,False,0.5,2.0,0.35,0.061302775954745314,0,-0.08716581933886597,0.9095575074638852
10,10,False,0.5,2.0,0.35,0.06123928208365992,0,-0.2087787089362191,0.8302240181775414
10,11,False,0.5,2.0,0.35,0.08199997359485822,0,-0.08267995085284102,0.9078867198878416
10,12,False,0.5,2.0,0.35,0.06149157722406817,0,-0.20421070406796077,0.8476061182521326
10,13,False,0.5,2.0,0.35,0.2897333203697847,1,-0.05018768136780222,0.8755740442911186
10,14,False,0.5,2.0,0.35,0.06815369007559291,0,-0.0358811278243133,0.9480145457699211
10,15,False,0.5,2.0,0.35,0.0633031600366063,0,-0.09633112635826774,0.868817961579396
10,16,False,0.5,2.0,0.35,0.07667685738628571,0,-0.10643893619094211,0.8673500851356416
10,17,False,0.5,2.0,0.35,0.06277150290164824,0,-0.12365767857129412,0.9144385027629962
10,18,False,0.5,2.0,0.35,0.061241116006564345,0,-0.15846232781023759,0.856303717652904
10,19,False,0.5,2.0,0.35,0.06111116769393077,0,-0.17697799116497334,0.8710437889261157
10,20,False,0.5,2.0,0.35,0.11356114935833217,0,-0.060637260874592876,0.8964820354652399
10,21,False,0.5,2.0,0.35,0.06145318257044863,0,-0.10563687238147722,0.8629218351648256
10,22,False,0.5,2.0,0.35,0.06147204733215772,0,-0.03356554461016171,0.91278572697067
10,23,False,0.5,2.0,0.35,0.2218618848688504,1,-0.0626723056807896,0.8863739011431385
10,24,False,0.5,2.0,0.35,0.06839877512452941,0,-0.17706427897294863,0.863101454870923
10,25,False,0.5,2.0,0.35,0.06244003063438086,0,-0.1954187162070078,0.894633774307237
10,26,False,0.5,2.0,0.35,0.06658082871140114,0,-0.056852947001918,0.938642033049338
10,27,False,0.5,2.0,0.35,0.061744470216291814,1,-0.053093960915786,0.8884963794037386
10,28,False,0.5,2.0,0.35,0.09694774933856931,0,-0.22082516308922526,0.8396855432725395
10,29,False,0.5,2.0,0.35,0.06818959329754548,0,-0.07077947508914738,0.9056354862987025
10,30,False,0.5,2.0,0.35,0.09960512467908123,1,-0.14528232435460992,0.8456201643188889
10,31,False,0.5,2.0,0.35,0.15752992279580091,0,-0.09210353916743398,0.8633289080570756
10,32,False,0.5,2.0,0.35,0.06226884189350068,0,-0.05251584427923408,0.9146657695423384
10,33,False,0.5,2.0,0.35,0.06140599871062147,0,-0.21574267641926317,0.887903446878074
10,34,False,0.5,2.0,0.35,0.06251403615238038,0,-0.06710696643559043,0.9456526406729552
10,35,False,0.5,2.0,0.35,0.06138813523831821,0,-0.0420124346529015,0.9520690556348254
10,36,False,0.5,2.0,0.35,0.07513466647585454,0,-0.08224921406022158,0.918279599756239
10,37,False,0.5,2.0,0.35,0.08186863557534252,0,-0.06410545134340961,0.9466166224134929
10,38,False,0.5,2.0,0.35,0.06111219372813237,0,-0.13680616624887873,0.8669710577154209
10,39,False,0.5,2.0,0.35,0.08868067526743406,0,-0.07994809531732644,0.9379403135101998
11,0,False,0.5,2.0,0.2,0.06139644668976907,0,-0.09652077593969038,0.8550886869170085
11,1,False,0.5,2.0,0.2,0.0614534296976087,0,-0.008822249912658993,0.8961817803831312
11,2,False,0.5,2.0,0.2,0.06116685469378358,0,-0.17588154174213505,0.8218458196403254
11,3,False,0.5,2.0,0.2,0.061870597015434514,0,-0.0339738181826486,0.9125662248357493
11,4,False,0.5,2.0,0.2,0.06121344654512584,0,-0.038796129794613186,0.9095432337949564
11,5,False,0.5,2.0,0.2,0.06382331519329465,0,-0.04851447011157805,0.8708156094146764
11,6,False,0.5,2.0,0.2,0.09634860144185398,0,-0.016220519337104392,0.9124864938602852
11,7,False,0.5,2.0,0.2,0.128678587480324,0,-0.10895409861575903,0.7941513530796666
11,8,False,0.5,2.0,0.2,0.1365343769193076,0,-0.05815416979221851,0.8950107292963247
11,9,False,0.5,2.0,0.2,0.061302381181858934,0,-0.08994623536426123,0.8839141282709356
11,10,False,0.5,2.0,0.2,0.06125018126789672,0,-0.21093047042306473,0.7990066534652102
11,11,False,0.5,2.0,0.2,0.10212742120037677,0,-0.08153747969619402,0.8829477726605884
11,12,False,0.5,2.0,0.2,0.06126114992365883,0,-0.20487414920380986,0.8116542668231427
11,13,False,0.5,2.0,0.2,0.23247055326483734,1,-0.054531795177670365,0.8291937930158464
11,14,False,0.5,2.0,0.2,0.06632757747541951,0,-0.03727968979703622,0.9218661150637687
11,15,False,0.5,2.0,0.2,0.061202909254655546,0,-0.10358048859517857,0.8405576959889877
11,16,False,0.5,2.0,0.2,0.07457375619561768,0,-0.10839848102330688,0.8314793454984091
11,17,False,0.5,2.0,0.2,0.06271497354866173,0,-0.1296691088898499,0.8880785846096506
11,18,False,0.5,2.0,0.2,0.06122191594675519,0,-0.16134181220214033,0.8230315254411507
11,19,False,0.5,2.0,0.2,0.06110501046111816,0,-0.18004013006873965,0.848783527120172
11,20,False,0.5,2.0,0.2,0.11235230313103195,0,-0.059731801659539924,0.8735793913387682
11,21,False,0.5,2.0,0.2,0.06169838018790208,0,-0.10678416314579818,0.8326750110128842
11,22,False,0.5,2.0,0.2,0.06161208814245267,0,-0.035888626494802824,0.8854014020367269
11,23,False,0.5,2.0,0.2,0.18026928571850842,0,-0.06561778398586052,0.8559937174215438
11,24,False,0.5,2.0,0.2,0.06794374932651215,0,-0.17976570735018715,0.8328456195499941
11,25,False,0.5,2.0,0.2,0.06230967491807249,0,-0.19733599681911765,0.8726318549749479
11,26,False,0.5,2.0,0.2,0.06542423974399492,0,-0.06302801872448198,0.9136217476533156
11,27,False,0.5,2.0,0.2,0.06131934536738837,0,-0.05624605286455296,0.8546206775988411
11,28,False,0.5,2.0,0.2,0.09649587012085437,0,-0.22178225375819244,0.8059632276250903
11,29,False,0.5,2.0,0.2,0.06519792512284173,0,-0.07685925817331261,0.8828882403497305
11,30,False,0.5,2.0,0.2,0.10255494505535412,1,-0.15015829464643388,0.8072183193340707
11,31,False,0.5,2.0,0.2,0.15879567785076565,0,-0.08973748703341539,0.8366556564710275
11,32,False,0.5,2.0,0.2,0.062094499682579296,0,-0.05582971258597919,0.8908565707209609
11,33,False,0.5,2.0,0.2,0.06135520040973097,0,-0.21878294106168775,0.8613526676018425
11,34,False,0.5,2.0,0.2,0.06256524938752273,0,-0.07161287282655292,0.9210921138514834
11,35,False,0.5,2.0,0.2,0.06134897180020349,0,-0.042328266408572915,0.9283937016063931
11,36,False,0.5,2.0,0.2,0.07459723716621158,0,-0.08540598794478887,0.891436558818677
11,37,False,0.5,2.0,0.2,0.08215051315786637,0,-0.0674517709608317,0.9198477358112589
11,38,False,0.5,2.0,0.2,0.06114232264596242,0,-0.138010227624562,0.840967236266976
11,39,False,0.5,2.0,0.2,0.08881291846352701,0,-0.08087065931331178,0.9135625740259561
12,0,False,0.5,2.5,0.5,0.06152185877032312,0,-0.0897440597693711,0.8892731817335257
12,1,False,0.5,2.5,0.5,0.06291811755720089,0,-0.0033208455970673957,0.9199707063459117
12,2,False,0.5,2.5,0.5,0.06130697399652796,0,-0.17466805934791965,0.8602680306067633
12,3,False,0.5,2.5,0.5,0.06223683844564887,0,-0.028594340345091854,0.9505157925182702
12,4,False,0.5,2.5,0.5,0.061309609187254144,0,-0.03250267855362716,0.9391956341438099
12,5,False,0.5,2.5,0.5,0.06578767258179641,0,-0.04151617487816638,0.9045297053378465
12,6,False,0.5,2.5,0.5,0.0942022216166386,0,-0.011541017905593247,0.9479042476475659
12,7,False,0.5,2.5,0.5,0.13579082703515932,0,-0.10678407673568364,0.8462310577583816
12,8,False,0.5,2.5,0.5,0.13714256855739748,0,-0.0515888619218883,0.9318592379051032
12,9,False,0.5,2.5,0.5,0.06143245274095421,0,-0.08300894759347213,0.9242122414020537
12,10,False,0.5,2.5,0.5,0.06124312059191739,0,-0.20754520465756174,0.8321522971750477
12,11,False,0.5,2.5,0.5,0.08656199134532017,0,-0.08327971419420022,0.9108623287178692
12,12,False,0.5,2.5,0.5,0.06158615586592764,0,-0.20269883433302802,0.8528830946878995
12,13,False,0.5,2.5,0.5,0.29922099125682167,1,-0.048928250355236916,0.8770817685360426
12,14,False,0.5,2.5,0.5,0.06839783837251245,0,-0.03433832949000754,0.9613183771533341
12,15,False,0.5,2.5,0.5,0.06369592171609584,0,-0.09241973865365223,0.8695507470172238
12,16,False,0.5,2.5,0.5,0.07499806686582122,0,-0.10413081672532,0.8759445236355705
12,17,False,0.5,2.5,0.5,0.06297869423501767,0,-0.11768628785062367,0.9257238536804838
12,18,False,0.5,2.5,0.5,0.0614978735164724,0,-0.14778489731206834,0.8577815188137716
12,19,False,0.5,2.5,0.5,0.061113398938832275,0,-0.1762948099667445,0.8842044364929814
12,20,False,0.5,2.5,0.5,0.11480627487447537,0,-0.06103177003702024,0.9012955417781336
12,21,False,0.5,2.5,0.5,0.06161213153863998,0,-0.10794145578791882,0.8652930984364731
12,22,False,0.5,2.5,0.5,0.061437575466430916,1,-0.03149613526618885,0.9231281080513757
12,23,False,0.5,2.5,0.5,0.24113103537384462,0,-0.05892574777960116,0.8969225282105607
12,24,False,0.5,2.5,0.5,0.06912834124927336,0,-0.17572209951519777,0.8749309157904209
12,25,False,0.5,2.5,0.5,0.06255297903941881,0,-0.19168404563940886,0.9089089832136736
12,26,False,0.5,2.5,0.5,0.06784681843042595,0,-0.05265028664158015,0.9549796658293938
12,27,False,0.5,2.5,0.5,0.061173263990015436,0,-0.0564916513515672,0.8865623205600681
12,28,False,0.5,2.5,0.5,0.09731778622404597,0,-0.2202257173711035,0.8477551282811242
12,29,False,0.5,2.5,0.5,0.07200193625021833,0,-0.06695063217279788,0.9211795865086874
12,30,False,0.5,2.5,0.5,0.08962949645723317,1,-0.1503036390615385,0.8442071953802069
12,31,False,0.5,2.5,0.5,0.15926186242932705,0,-0.09127621887413602,0.8650925077765748
12,32,False,0.5,2.5,0.5,0.06265907891943934,0,-0.048994221950974186,0.9252000586102387
12,33,False,0.5,2.5,0.5,0.06164064611438724,0,-0.2129104815220333,0.9020665810656214
12,34,False,0.5,2.5,0.5,0.06378759413613933,0,-0.0617192480557283,0.956992266540938
12,35,False,0.5,2.5,0.5,0.061302077089333884,0,-0.04255845741973448,0.9636908012828018
12,36,False,0.5,2.5,0.5,0.07891893824673346,0,-0.07690798320022083,0.9255263677865981
12,37,False,0.5,2.5,0.5,0.08247744652875555,0,-0.06076348083806853,0.9561326078270225
12,38,False,0.5,2.5,0.5,0.06112597910998152,0,-0.13354629780074664,0.873385667851339
12,39,False,0.5,2.5,0.5,0.08863277608141784,0,-0.07727924543219582,0.9466520460701149
13,0,False,0.5,2.5,0.35,0.061454026720709765,0,-0.09238900686654158,0.8698107311704691
13,1,False,0.5,2.5,0.35,0.06210113472583145,0,-0.004968559605886926,0.9079446800520609
13,2,False,0.5,2.5,0.35,0.061115446152213315,0,-0.17391750422204696,0.8403248418477329
13,3,False,0.5,2.5,0.35,0.062238806133081415,0,-0.031000765943712327,0.9350878842536795
13,4,False,0.5,2.5,0.35,0.06127532093394639,0,-0.03482018918452872,0.9288223778593563
13,5,False,0.5,2.5,0.35,0.06463018923772257,0,-0.04452839521690847,0.8859565515385165
13,6,False,0.5,2.5,0.35,0.09242455091769186,0,-0.014465338442386599,0.9319738578748986
13,7,False,0.5,2.5,0.35,0.13620521443269828,0,-0.11311730614286489,0.8216471136441454
13,8,False,0.5,2.5,0.35,0.13685094323468994,0,-0.054352444170411095,0.9164752877600568
13,9,False,0.5,2.5,0.35,0.06132478814044817,0,-0.08711939278903302,0.9052426231472172
13,10,False,0.5,2.5,0.35,0.06124855541365337,0,-0.2091884043735926,0.8193680840546081
13,11,False,0.5,2.5,0.35,0.08189281723520792,0,-0.08376144030039838,0.8959843841905225
13,12,False,0.5,2.5,0.35,0.06145490970035117,0,-0.20226701344986395,0.8322656696204926
13,13,False,0.5,2.5,0.35,0.2922090212183005,1,-0.05047256087291132,0.8645395606212254
13,14,False,0.5,2.5,0.35,0.06748823406160209,0,-0.035164973077715975,0.9456893844250269
13,15,False,0.5,2.5,0.35,0.06328560328618471,0,-0.09774529736622047,0.8499357692193903
13,16,False,0.5,2.5,0.35,0.07501415263269695,0,-0.10560747970271787,0.8549270676641061
13,17,False,0.5,2.5,0.35,0.06284303598557905,0,-0.12266303450469762,0.9105157969883202
13,18,False,0.5,2.5,0.35,0.0612449087421717,0,-0.15871803397864365,0.8471830578255913
13,19,False,0.5,2.5,0.35,0.061111063373119556,0,-0.17725575175275027,0.8672059064050817
13,20,False,0.5,2.5,0.35,0.1110643587661907,0,-0.06039370269366124,0.8898173540705093
13,21,False,0.5,2.5,0.35,0.06119932872006195,1,-0.10787710771260046,0.8461715426644623
13,22,False,0.5,2.5,0.35,0.061501412842787095,0,-0.033300155547881044,0.9099415796650641
13,23,False,0.5,2.5,0.35,0.21154325109603256,1,-0.06119919487287527,0.8772328327265918
13,24,False,0.5,2.5,0.35,0.06841506361014149,0,-0.17753970323569665,0.857653874811506
13,25,False,0.5,2.5,0.35,0.0624485493546193,0,-0.19519609834485951,0.892644717083335
13,26,False,0.5,2.5,0.35,0.06731026857386269,0,-0.055930184989132985,0.9377615947523285
13,27,False,0.5,2.5,0.35,0.06118793191755667,0,-0.056719099848613785,0.8722573462706175
13,28,False,0.5,2.5,0.35,0.09694616534778411,0,-0.22177862761342368,0.8308157153257265
13,29,False,0.5,2.5,0.35,0.06916104503090592,0,-0.07024147028497925,0.9013483606613525
13,30,False,0.5,2.5,0.35,0.10030794418655997,1,-0.14653896693845678,0.8348102522750761
13,31,False,0.5,2.5,0.35,0.15835908925435915,0,-0.09251528811162983,0.8533909373218643
13,32,False,0.5,2.5,0.35,0.062357736611608705,0,-0.05188267853624234,0.9092106191224433
13,33,False,0.5,2.5,0.35,0.0615268028219873,0,-0.21619346219786512,0.8890229007219351
13,34,False,0.5,2.5,0.35,0.06270874032860196,0,-0.066122631712785,0.9444691621931993
13,35,False,0.5,2.5,0.35,0.06134394241672669,0,-0.04213970561060792,0.9482659394644973
13,36,False,0.5,2.5,0.35,0.076437154256079,0,-0.08062937919358691,0.9179535226798955
13,37,False,0.5,2.5,0.35,0.08256330183712979,0,-0.0626927798332163,0.9409860257630367
13,38,False,0.5,2.5,0.35,0.06111698551910694,0,-0.13673457344387957,0.8562755584436841
13,39,False,0.5,2.5,0.35,0.08871799261937752,0,-0.07984654231491395,0.9341711884829672
14,0,False,0.5,2.5,0.2,0.06143081759555391,0,-0.09723198927309826,0.8466346887701269
14,1,False,0.5,2.5,0.2,0.061489595059766256,0,-0.008315647257591229,0.8877302006878375
14,2,False,0.5,2.5,0.2,0.06115464895260603,0,-0.1768855642015228,0.8130638295136807
14,3,False,0.5,2.5,0.2,0.06173056614490513,0,-0.03507994569883068,0.9072615577634245
14,4,False,0.5,2.5,0.2,0.0612433515222186,0,-0.037075868045514375,0.9087479387173302
14,5,False,0.5,2.5,0.2,0.064201364540456,0,-0.047584281296507554,0.8593724728943446
14,6,False,0.5,2.5,0.2,0.087089645331208,0,-0.016199660985881433,0.9118055643869998
14,7,False,0.5,2.5,0.2,0.1283685029159216,0,-0.1099653969013093,0.7801967366629878
14,8,False,0.5,2.5,0.2,0.13695810850741597,0,-0.057871927908497,0.8931724396825126
14,9,False,0.5,2.5,0.2,0.06127400064135857,0,-0.08899585569815423,0.8762414701836516
14,10,False,0.5,2.5,0.2,0.06125045496172543,0,-0.21213667635952493,0.7876648454584294
14,11,False,0.5,2.5,0.2,0.09880599548177427,0,-0.08461765233224731,0.8725223398150257
14,12,False,0.5,2.5,0.2,0.06131167440900409,0,-0.20501858377247117,0.8002039138725416
14,13,False,0.5,2.5,0.2,0.2346793161484796,1,-0.0550634008669053,0.8321239191908744
14,14,False,0.5,2.5,0.2,0.06683603543189742,0,-0.03785467644133762,0.9199626757004093
14,15,False,0.5,2.5,0.2,0.06120422361278899,0,-0.10392245036949256,0.8287041835647034
14,16,False,0.5,2.5,0.2,0.07507618676689787,0,-0.108460132187549,0.8331419461258777
14,17,False,0.5,2.5,0.2,0.06276428341449991,0,-0.1288129708900967,0.8831333703413188
14,18,False,0.5,2.5,0.2,0.06122174190734775,0,-0.15916730217205946,0.8010601119526981
14,19,False,0.5,2.5,0.2,0.0611056728450875,0,-0.1802069409916437,0.8402937982225714
14,20,False,0.5,2.5,0.2,0.11402296401326462,0,-0.06048535431575591,0.8651145381791139
14,21,False,0.5,2.5,0.2,0.06156235217051009,0,-0.1077844574747068,0.8207369457731958
14,22,False,0.5,2.5,0.2,0.06165268224531939,0,-0.03553008861206789,0.8871817204207556
14,23,False,0.5,2.5,0.2,0.18640871165993256,0,-0.06834493739060547,0.8443722096387717
14,24,False,0.5,2.5,0.2,0.06794918156803087,0,-0.180395480766385,0.8262572736918146
14,25,False,0.5,2.5,0.2,0.06230796981339526,0,-0.1975876281062699,0.8714128314318678
14,26,False,0.5,2.5,0.2,0.06594824409738409,0,-0.061750025886679986,0.9094667369227729
14,27,False,0.5,2.5,0.2,0.06138421965897789,0,-0.05816929519131661,0.8373280846497833
14,28,False,0.5,2.5,0.2,0.09646492325960687,0,-0.2229440004974928,0.7954742725367172
14,29,False,0.5,2.5,0.2,0.06552328392608697,0,-0.07551158614131273,0.8755826799163596
14,30,False,0.5,2.5,0.2,0.10154707785521555,1,-0.1528915635887018,0.796778375153473
14,31,False,0.5,2.5,0.2,0.15765608946557108,0,-0.09122735960180019,0.8219467145788748
14,32,False,0.5,2.5,0.2,0.06215175834263009,0,-0.05540965776879236,0.8843386825719596
14,33,False,0.5,2.5,0.2,0.06135071512744428,0,-0.21934768911550967,0.8553705924675126
14,34,False,0.5,2.5,0.2,0.06276737756314443,0,-0.0708293104237323,0.9180971072147126
14,35,False,0.5,2.5,0.2,0.0613259606918769,0,-0.042998935706535305,0.9256282747718744
14,36,False,0.5,2.5,0.2,0.07578636294105068,0,-0.08517744159028881,0.8850593801644969
14,37,False,0.5,2.5,0.2,0.08270793527581743,0,-0.06695986268342582,0.9161360230113217
14,38,False,0.5,2.5,0.2,0.06114202142704972,0,-0.13947595562421106,0.8278299323230053
14,39,False,0.5,2.5,0.2,0.08883916735773978,0,-0.080952166571444,0.9087836910014297
15,0,False,0.5,3.0,0.5,0.06156617143171017,0,-0.09066040941997136,0.8779138593539881
15,1,False,0.5,3.0,0.5,0.06204529945672277,0,-0.0018775090472474864,0.9182270901894741
15,2,False,0.5,3.0,0.5,0.061309946041823604,0,-0.17580461491527702,0.852354442402608
15,3,False,0.5,3.0,0.5,0.06392333849734722,0,-0.026454186500510294,0.9459788192811686
15,4,False,0.5,3.0,0.5,0.06129366816993198,0,-0.03333296652565389,0.9435392477660413
15,5,False,0.5,3.0,0.5,0.06527971450691306,0,-0.041171962388526065,0.8945822898689036
15,6,False,0.5,3.0,0.5,0.09584150998338203,0,-0.011488665569945286,0.9460489487331457
15,7,False,0.5,3.0,0.5,0.1370533661065949,0,-0.11199111078854918,0.8280928446179315
15,8,False,0.5,3.0,0.5,0.13780798412092787,0,-0.05111358780572686,0.9306096089908575
15,9,False,0.5,3.0,0.5,0.06147372829731079,0,-0.08212418910429743,0.9213100996697009
15,10,False,0.5,3.0,0.5,0.061243928714500795,0,-0.20825172584603432,0.8221615653118027
15,11,False,0.5,3.0,0.5,0.08548880249011481,0,-0.08443656427561155,0.9091214523262829
15,12,False,0.5,3.0,0.5,0.06137968549592798,0,-0.1985096471207211,0.8493644375670745
15,13,False,0.5,3.0,0.5,0.30095617872756586,1,-0.04900179859378384,0.8649151998399289
15,14,False,0.5,3.0,0.5,0.07090694142035014,0,-0.0328415055682168,0.9563724501271735
15,15,False,0.5,3.0,0.5,0.06376065512195339,0,-0.09175744226323555,0.8590131841153075
15,16,False,0.5,3.0,0.5,0.06553610087924888,0,-0.1052258976035067,0.8584488461661249
15,17,False,0.5,3.0,0.5,0.06308550431962512,0,-0.11658073329923185,0.9223572638517582
15,18,False,0.5,3.0,0.5,0.061551703183619466,0,-0.14714074700645136,0.8488042544349507
15,19,False,0.5,3.0,0.5,0.061113818862636116,0,-0.1774562420754221,0.8807287744246675
15,20,False,0.5,3.0,0.5,0.11687564517110938,0,-0.061321310882368904,0.893424091545986
15,21,False,0.5,3.0,0.5,0.061717913361887033,1,-0.1087781648963752,0.8480691693199075
15,22,False,0.5,3.0,0.5,0.06145919715158654,0,-0.032515300500982273,0.9197477376902788
15,23,False,0.5,3.0,0.5,0.24965482472603173,0,-0.05829398199412505,0.8891847022638479
15,24,False,0.5,3.0,0.5,0.06920837923445067,0,-0.17662916360574843,0.8606380467375246
15,25,False,0.5,3.0,0.5,0.06256352706755774,0,-0.19180436272419565,0.9066695869689633
15,26,False,0.5,3.0,0.5,0.06901349833610859,0,-0.05001226928174812,0.9533614470694973
15,27,False,0.5,3.0,0.5,0.06124608599423187,0,-0.05464368253292396,0.8804285867401804
15,28,False,0.5,3.0,0.5,0.09734251496260682,0,-0.22107996082945708,0.8396459322467407
15,29,False,0.5,3.0,0.5,0.07382175873030083,0,-0.06676457916524087,0.9160500943308106
15,30,False,0.5,3.0,0.5,0.09030972128223191,1,-0.15103235364173,0.833574381645151
15,31,False,0.5,3.0,0.5,0.1611016238866877,0,-0.08946437037552203,0.8564978479120994
15,32,False,0.5,3.0,0.5,0.06281349767155342,0,-0.048159679460055865,0.9203207051018623
15,33,False,0.5,3.0,0.5,0.06148911665115342,0,-0.21640778757599108,0.898101288508548
15,34,False,0.5,3.0,0.5,0.06420791009011895,0,-0.05924395707271898,0.9536543278461974
15,35,False,0.5,3.0,0.5,0.06133629050742517,0,-0.04170380283059477,0.9622362531924014
15,36,False,0.5,3.0,0.5,0.08026400689325586,0,-0.07599874175697206,0.9245817294646863
15,37,False,0.5,3.0,0.5,0.08304427547789239,0,-0.05971510892367438,0.9539155825842008
15,38,False,0.5,3.0,0.5,0.06113230648578927,0,-0.13312825180032536,0.8646530149802264
15,39,False,0.5,3.0,0.5,0.08867492790771303,0,-0.0772090452074927,0.9460225797030878
16,0,False,0.5,3.0,0.35,0.06152227473270122,0,-0.09155344457777287,0.8621627085998375
16,1,False,0.5,3.0,0.35,0.06219445910539856,0,-0.004381339837341019,0.901635667863794
16,2,False,0.5,3.0,0.35,0.06111130625352701,0,-0.17478219628136465,0.832584408433324
16,3,False,0.5,3.0,0.35,0.062314834234446725,0,-0.030564773847080718,0.9334412954962629
16,4,False,0.5,3.0,0.35,0.061273172445852175,0,-0.03597724586022854,0.9307118487548194
16,5,False,0.5,3.0,0.35,0.06504092859958222,0,-0.04377266683863173,0.8781766163858785
16,6,False,0.5,3.0,0.35,0.0927696279387702,0,-0.013060868431900895,0.9316646200275581
16,7,False,0.5,3.0,0.35,0.13526387292319886,0,-0.11381065480915015,0.8093530503194464
16,8,False,0.5,3.0,0.35,0.13722656718749027,0,-0.0532241765447217,0.9155553116617907
16,9,False,0.5,3.0,0.35,0.06135140828884578,0,-0.08673941414609973,0.9018783606113527
16,10,False,0.5,3.0,0.35,0.06124949035355243,0,-0.21026059705691744,0.8088427667065243
16,11,False,0.5,3.0,0.35,0.08372306294164078,0,-0.08240186498672138,0.8898773650659774
16,12,False,0.5,3.0,0.35,0.06141980555660009,0,-0.20295746175360985,0.8189340225941386
16,13,False,0.5,3.0,0.35,0.29389582300287376,1,-0.05086836783820503,0.853041774389426
16,14,False,0.5,3.0,0.35,0.06839120996514658,0,-0.034347067785201725,0.9425424581698214
16,15,False,0.5,3.0,0.35,0.06329253464757933,0,-0.0968721081717389,0.8415455790569372
16,16,False,0.5,3.0,0.35,0.09378823004158354,0,-0.10476374508236155,0.8441346232247812
16,17,False,0.5,3.0,0.35,0.06292590559264011,0,-0.12161529373721758,0.906455175737556
16,18,False,0.5,3.0,0.35,0.06125389411587223,0,-0.15853479317265176,0.8351561228209708
16,19,False,0.5,3.0,0.35,0.061111060716737664,0,-0.17866108078307913,0.8643014774528813
16,20,False,0.5,3.0,0.35,0.11247222227075093,0,-0.0600537438826276,0.8821457680532528
16,21,False,0.5,3.0,0.35,0.061210208257003074,1,-0.107830952375312,0.8393068888464223
16,22,False,0.5,3.0,0.35,0.06152216444303482,0,-0.03302076771721064,0.9028868631099981
16,23,False,0.5,3.0,0.35,0.20167067973207053,0,-0.06117197309381613,0.8684436381027075
16,24,False,0.5,3.0,0.35,0.06844123730152685,0,-0.17801398434459845,0.8522068615267585
16,25,False,0.5,3.0,0.35,0.062445976736530406,0,-0.19568426140625605,0.8895053873527389
16,26,False,0.5,3.0,0.35,0.06814293784677816,0,-0.055134792241535904,0.9360999109401226
16,27,False,0.5,3.0,0.35,0.061315777200016464,0,-0.057078392603979546,0.8599172921235094
16,28,False,0.5,3.0,0.35,0.0969682590978812,0,-0.22274764968410654,0.8218136998001808
16,29,False,0.5,3.0,0.35,0.0698431606671166,0,-0.0694783647257611,0.8964120698923783
16,30,False,0.5,3.0,0.35,0.10150804577404937,1,-0.1474984432408414,0.823425936233229
16,31,False,0.5,3.0,0.35,0.15490302785248233,1,-0.09480080867079968,0.8428238092606747
16,32,False,0.5,3.0,0.35,0.06245701082383193,0,-0.05132601972986007,0.9033528238135639
16,33,False,0.5,3.0,0.35,0.06158305786703633,0,-0.21478757906980617,0.8808767876068185
16,34,False,0.5,3.0,0.35,0.06292741201755692,0,-0.06485394892422282,0.9419858570057532
16,35,False,0.5,3.0,0.35,0.06135293460510738,0,-0.042124451079264415,0.9458370417615924
16,36,False,0.5,3.0,0.35,0.07788741859020754,0,-0.07972463597680865,0.9130499583741128
16,37,False,0.5,3.0,0.35,0.08299419709706013,0,-0.06127942528461392,0.939033296331955
16,38,False,0.5,3.0,0.35,0.06112247581527752,0,-0.13653789687835757,0.846325248597483
16,39,False,0.5,3.0,0.35,0.08875215287663873,0,-0.07873907823172295,0.930770952500206
17,0,False,0.5,3.0,0.2,0.06149449695544207,0,-0.0961152079095757,0.8271817540389871
17,1,False,0.5,3.0,0.2,0.061498238394264826,0,-0.009362681381162903,0.8774688647174772
17,2,False,0.5,3.0,0.2,0.06114447731590533,0,-0.17480378683722744,0.795598546621244
17,3,False,0.5,3.0,0.2,0.061892357998360015,0,-0.03338103470197378,0.9021102349426087
17,4,False,0.5,3.0,0.2,0.06124821463810537,0,-0.036838482816374314,0.9074765908527582
17,5,False,0.5,3.0,0.2,0.06464472766861706,0,-0.04654765013343959,0.8412796396865355
17,6,False,0.5,3.0,0.2,0.08776247938555215,0,-0.016354297838698593,0.9108407321396429
17,7,False,0.5,3.0,0.2,0.12837602411840943,0,-0.11082246761827678,0.7661290721396018
17,8,False,0.5,3.0,0.2,0.1375027904138898,0,-0.05753502634794827,0.8913022125256574
17,9,False,0.5,3.0,0.2,0.061346483303327815,0,-0.08885920017688399,0.8775600143728491
17,10,False,0.5,3.0,0.2,0.061252857575019415,0,-0.21327260048635857,0.7732760720893018
17,11,False,0.5,3.0,0.2,0.09995272765302632,0,-0.08540493937841584,0.8624708250025358
17,12,False,0.5,3.0,0.2,0.06128022260830712,0,-0.20595227502199476,0.7857481991259242
17,13,False,0.5,3.0,0.2,0.2381972071711247,1,-0.057638905130938736,0.8183395107292193
17,14,False,0.5,3.0,0.2,0.06611470861801672,0,-0.037843582534515564,0.9182265375657979
17,15,False,0.5,3.0,0.2,0.06120962315370082,0,-0.10300703567296604,0.810690316210868
17,16,False,0.5,3.0,0.2,0.0756545006046363,0,-0.10805420423136296,0.8090499459328903
17,17,False,0.5,3.0,0.2,0.06282049140261114,0,-0.1279327048683159,0.8780562242967802
17,18,False,0.5,3.0,0.2,0.06121345856879401,0,-0.16374477176973232,0.7970899673399198
17,19,False,0.5,3.0,0.2,0.06110519734151021,0,-0.18055322042478306,0.8351050844671468
17,20,False,0.5,3.0,0.2,0.1142991794688667,0,-0.06087593404849273,0.8538330375807561
17,21,False,0.5,3.0,0.2,0.06129705441834743,1,-0.10865088238892028,0.8148178338252636
17,22,False,0.5,3.0,0.2,0.06170323902339703,0,-0.0339927844305057,0.8790616282522442
17,23,False,0.5,3.0,0.2,0.19396046301470182,1,-0.0653899228269344,0.8342322686550447
17,24,False,0.5,3.0,0.2,0.0679619755292834,0,-0.18102259081324884,0.8196827069580722
17,25,False,0.5,3.0,0.2,0.06230919529700296,0,-0.19762481545723048,0.8692573809478841
17,26,False,0.5,3.0,0.2,0.0665320706500887,0,-0.06145635449131453,0.9059215892376977
17,27,False,0.5,3.0,0.2,0.061364343250804754,0,-0.0565156908523187,0.8314752534791021
17,28,False,0.5,3.0,0.2,0.09646474467781829,0,-0.22410461349883384,0.7850039739079705
17,29,False,0.5,3.0,0.2,0.06612245934338667,0,-0.07442774990426654,0.8683590771797005
17,30,False,0.5,3.0,0.2,0.10137580145633907,1,-0.15379399646870587,0.7848496173010605
17,31,False,0.5,3.0,0.2,0.15605730250659933,0,-0.09407921732636006,0.8117169269897964
17,32,False,0.5,3.0,0.2,0.062221711757119436,0,-0.05505470855182263,0.8774172008913195
17,33,False,0.5,3.0,0.2,0.06134657815961164,0,-0.2212018859005071,0.8493842812131568
17,34,False,0.5,3.0,0.2,0.06267549143413365,0,-0.07024652785440218,0.9143326458999832
17,35,False,0.5,3.0,0.2,0.06138347058700033,0,-0.04215750478780706,0.9232429374650881
17,36,False,0.5,3.0,0.2,0.07708128278205795,0,-0.0845143272180101,0.8787771718183269
17,37,False,0.5,3.0,0.2,0.08327861851390106,0,-0.06663498348566438,0.9154867306350196
17,38,False,0.5,3.0,0.2,0.061145964124266206,0,-0.13966335057209453,0.8163409423809596
17,39,False,0.5,3.0,0.2,0.08886412397856591,0,-0.08098152490093978,0.9043647295767145
18,0,True,0.0,1.0,1.0,0.062377531796161345,0,-0.07918034483562247,0.9239155067983374
18,1,True,0.0,1.0,1.0,0.06305262931527744,0,0.006843105638216263,0.9517714269406994
18,2,True,0.0,1.0,1.0,0.06225178994633762,0,-0.15414878888214362,0.9002302873981244
18,3,True,0.0,1.0,1.0,0.06640598971438427,0,-0.02173850873924814,0.9747523773067305
18,4,True,0.0,1.0,1.0,0.06157265970662007,0,-0.02712866961411045,0.9640252585101465
18,5,True,0.0,1.0,1.0,0.10548848263566935,1,-0.03505943687223268,0.9512820124547289
18,6,True,0.0,1.0,1.0,0.10705719232645983,0,-0.007859701771208141,0.9668835882249581
18,7,True,0.0,1.0,1.0,0.14975102200687274,0,-0.09896663250565062,0.8865235028073193
18,8,True,0.0,1.0,1.0,0.14129616338141016,0,-0.0454259518399186,0.9539805106462175
18,9,True,0.0,1.0,1.0,0.06197741310512206,0,-0.07411269358803171,0.9484060490932434
18,10,True,0.0,1.0,1.0,0.06115293748049677,0,-0.20211928115617683,0.8774952630308893
18,11,True,0.0,1.0,1.0,0.09395438153053814,0,-0.07817271859278901,0.9453083787996819
18,12,True,0.0,1.0,1.0,0.06206838057948583,0,-0.19052654736859187,0.8952840601462221
18,13,True,0.0,1.0,1.0,0.34246988017687785,1,-0.03435079899657749,0.9239328857587269
18,14,True,0.0,1.0,1.0,0.06797386049405962,0,-0.03331692966397513,0.9785593223530809
18,15,True,0.0,1.0,1.0,0.06422646186787284,0,-0.08031739078419513,0.8946673562674091
18,16,True,0.0,1.0,1.0,0.07672526522370227,0,-0.09350365552113879,0.9123360323410279
18,17,True,0.0,1.0,1.0,0.06296908343483709,0,-0.10994768464138537,0.9524782201014503
18,18,True,0.0,1.0,1.0,0.06240457692663115,0,-0.13077805842929677,0.8988462646560968
18,19,True,0.0,1.0,1.0,0.06108457677145018,1,-0.17115291029420363,0.9086588985089974
18,20,True,0.0,1.0,1.0,0.14512986013098783,0,-0.05300595029454534,0.9425918557952957
18,21,True,0.0,1.0,1.0,0.06915074785413688,1,-0.09915687263860547,0.8955115993376735
18,22,True,0.0,1.0,1.0,0.061557314463575485,0,-0.02574827550882629,0.9494613058951137
18,23,True,0.0,1.0,1.0,0.2959899368100807,0,-0.05182175171670884,0.9341281040381034
18,24,True,0.0,1.0,1.0,0.07220537379374992,0,-0.16886902762383024,0.9019180096217472
18,25,True,0.0,1.0,1.0,0.06308304603106452,0,-0.18710352953597675,0.9308806246641381
18,26,True,0.0,1.0,1.0,0.07951418000520061,0,-0.04184897711520668,0.9759505211989526
18,27,True,0.0,1.0,1.0,0.062192031518905844,0,-0.04306025084789778,0.9320576359557255
18,28,True,0.0,1.0,1.0,0.09914834120244476,0,-0.21273303816148129,0.8809967748926436
18,29,True,0.0,1.0,1.0,0.08922092916165647,0,-0.055068410376267155,0.9494458891156665
18,30,True,0.0,1.0,1.0,0.13006767452656287,1,-0.12950057152987288,0.8719386301733817
18,31,True,0.0,1.0,1.0,0.17756343293263321,0,-0.0832898959130738,0.8960395718912816
18,32,True,0.0,1.0,1.0,0.06580855347872272,0,-0.04185239440398193,0.9541009038014555
18,33,True,0.0,1.0,1.0,0.06151871644847107,0,-0.21087697923004678,0.9214180045718287
18,34,True,0.0,1.0,1.0,0.06678835881933909,0,-0.05667984264643333,0.9784352770773422
18,35,True,0.0,1.0,1.0,0.06142209408646504,0,-0.040989126599450386,0.9840282524689888
18,36,True,0.0,1.0,1.0,0.09741570954400791,0,-0.0709594150908352,0.9596670829018957
18,37,True,0.0,1.0,1.0,0.08782536581213196,0,-0.056301991664205214,0.9791819215994627
18,38,True,0.0,1.0,1.0,0.06130202500703841,0,-0.12231793406441754,0.9193284595671226
18,39,True,0.0,1.0,1.0,0.0888953140201465,0,-0.0744676114059275,0.97434398392404
