person,group,controller,seed,expected_risk,survival_14,survival_30,survival_90,survival_140,survival_180,relapse_before_zero,reached_zero_then_relapsed,median_relapse_day,lapses_before_relapse,final_u,zero_day
H51-009,difficult,v4 end plan,0,1.0,0.24,0.008000000000000007,0.0,0.0,0.0,1.0,nan,9.0,5.0,0.0,161
H51-009,difficult,v4 end plan,1,1.0,0.28,0.0040000000000000036,0.0,0.0,0.0,1.0,nan,10.0,5.0,0.0,161
H51-009,difficult,v4 end plan,2,1.0,0.37,0.02400000000000002,0.0,0.0,0.0,1.0,nan,11.0,5.0,0.0,161
H51-012,difficult,v4 end plan,0,1.0,0.08999999999999997,0.0020000000000000018,0.0,0.0,0.0,1.0,nan,7.0,5.0,0.0,161
H51-012,difficult,v4 end plan,1,1.0,0.18400000000000005,0.0020000000000000018,0.0,0.0,0.0,1.0,nan,8.0,5.0,0.0,161
H51-012,difficult,v4 end plan,2,1.0,0.248,0.006000000000000005,0.0,0.0,0.0,1.0,nan,9.0,5.0,0.0,161
H51-017,difficult,v4 end plan,0,1.0,0.772,0.37,0.0040000000000000036,0.0,0.0,1.0,nan,25.0,5.0,0.0,161
H51-017,difficult,v4 end plan,1,1.0,0.838,0.352,0.0040000000000000036,0.0,0.0,1.0,nan,25.0,5.0,0.0,161
H51-017,difficult,v4 end plan,2,1.0,0.73,0.30400000000000005,0.006000000000000005,0.0,0.0,1.0,nan,20.0,5.0,0.0,161
H51-021,difficult,v4 end plan,0,1.0,0.84,0.46199999999999997,0.020000000000000018,0.0,0.0,1.0,nan,28.0,5.0,0.0,161
H51-021,difficult,v4 end plan,1,1.0,0.914,0.632,0.05400000000000005,0.018000000000000016,0.0,0.988,1.0,36.0,6.0,0.0,161
H51-021,difficult,v4 end plan,2,1.0,0.892,0.51,0.016000000000000014,0.008000000000000007,0.0040000000000000036,0.994,1.0,30.0,5.0,0.0,161
H51-023,difficult,v4 end plan,0,1.0,0.892,0.5880000000000001,0.05800000000000005,0.0040000000000000036,0.0,0.998,1.0,34.0,5.0,0.0,161
H51-023,difficult,v4 end plan,1,1.0,0.906,0.626,0.04200000000000004,0.0040000000000000036,0.0,0.998,1.0,38.0,6.0,0.0,161
H51-023,difficult,v4 end plan,2,1.0,0.858,0.506,0.02200000000000002,0.0,0.0,1.0,nan,30.0,5.0,0.0,161
H51-024,difficult,v4 end plan,0,1.0,0.908,0.706,0.17200000000000004,0.07999999999999996,0.01200000000000001,0.942,1.0,44.0,6.0,0.0,161
H51-024,difficult,v4 end plan,1,1.0,0.942,0.716,0.14400000000000002,0.03600000000000003,0.0040000000000000036,0.986,1.0,42.0,6.0,0.0,161
H51-024,difficult,v4 end plan,2,1.0,0.872,0.562,0.04600000000000004,0.008000000000000007,0.0,0.996,1.0,34.0,5.0,0.0,161
H51-025,difficult,v4 end plan,0,1.0,0.96,0.836,0.33399999999999996,0.14600000000000002,0.018000000000000016,0.888,1.0,65.0,7.0,0.0,161
H51-025,difficult,v4 end plan,1,1.0,0.952,0.798,0.268,0.09999999999999998,0.010000000000000009,0.936,1.0,57.0,6.0,0.0,161
H51-025,difficult,v4 end plan,2,1.0,0.946,0.746,0.10399999999999998,0.026000000000000023,0.0,0.992,1.0,45.0,6.0,0.0,161
H51-033,difficult,v4 end plan,0,1.0,0.532,0.08799999999999997,0.0,0.0,0.0,1.0,nan,14.0,5.0,0.0,161
H51-033,difficult,v4 end plan,1,1.0,0.41400000000000003,0.04200000000000004,0.0,0.0,0.0,1.0,nan,12.0,5.0,0.0,161
H51-033,difficult,v4 end plan,2,1.0,0.6719999999999999,0.21999999999999997,0.0,0.0,0.0,1.0,nan,19.0,5.0,0.0,161
H51-034,difficult,v4 end plan,0,1.0,0.9359999999999999,0.706,0.17200000000000004,0.04600000000000004,0.0040000000000000036,0.966,1.0,44.0,6.0,0.0,161
H51-034,difficult,v4 end plan,1,1.0,0.89,0.61,0.07399999999999995,0.02200000000000002,0.0020000000000000018,0.988,1.0,34.0,5.0,0.0,161
H51-034,difficult,v4 end plan,2,1.0,0.884,0.614,0.128,0.04400000000000004,0.006000000000000005,0.98,1.0,37.0,6.0,0.0,161
H51-037,difficult,v4 end plan,0,0.998,0.986,0.906,0.5740000000000001,0.43200000000000005,0.20399999999999996,0.616,0.9947916666666666,110.0,7.0,0.0,161
H51-037,difficult,v4 end plan,1,1.0,0.982,0.866,0.526,0.356,0.134,0.68,1.0,92.5,7.0,0.0,161
H51-037,difficult,v4 end plan,2,1.0,0.978,0.866,0.44399999999999995,0.272,0.09199999999999997,0.752,1.0,80.0,7.0,0.0,161
H51-044,difficult,v4 end plan,0,1.0,0.866,0.476,0.050000000000000044,0.008000000000000007,0.0,0.994,1.0,28.5,5.0,0.0,161
H51-044,difficult,v4 end plan,1,1.0,0.8180000000000001,0.42200000000000004,0.02200000000000002,0.006000000000000005,0.0,0.998,1.0,26.0,5.0,0.0,161
H51-044,difficult,v4 end plan,2,1.0,0.6819999999999999,0.22199999999999998,0.006000000000000005,0.0,0.0,1.0,nan,17.0,5.0,0.0,161
H51-062,difficult,v4 end plan,0,0.572,0.976,0.872,0.5760000000000001,0.514,0.482,0.49,0.1607843137254902,52.0,6.0,0.0,161
H51-062,difficult,v4 end plan,1,0.972,0.984,0.864,0.30800000000000005,0.20999999999999996,0.124,0.818,0.8461538461538461,57.0,6.0,0.0,161
H51-062,difficult,v4 end plan,2,0.998,0.992,0.838,0.30600000000000005,0.15800000000000003,0.09199999999999997,0.864,0.9852941176470589,59.0,6.0,0.0,161
H51-064,difficult,v4 end plan,0,1.0,0.928,0.6759999999999999,0.016000000000000014,0.0040000000000000036,0.0,0.998,1.0,36.0,5.0,0.0,161
H51-064,difficult,v4 end plan,1,1.0,0.916,0.5740000000000001,0.02200000000000002,0.0020000000000000018,0.0020000000000000018,0.998,1.0,32.0,5.0,0.0,161
H51-064,difficult,v4 end plan,2,1.0,0.922,0.762,0.256,0.10999999999999999,0.026000000000000023,0.914,1.0,53.0,6.0,0.0,161
H51-068,difficult,v4 end plan,0,1.0,0.914,0.562,0.04800000000000004,0.006000000000000005,0.0020000000000000018,0.998,1.0,33.0,5.0,0.0,161
H51-068,difficult,v4 end plan,1,1.0,0.882,0.5660000000000001,0.040000000000000036,0.0020000000000000018,0.0,1.0,nan,33.0,5.0,0.0,161
H51-068,difficult,v4 end plan,2,1.0,0.8140000000000001,0.49,0.04200000000000004,0.008000000000000007,0.0,0.996,1.0,29.0,5.0,0.0,161
H51-078,difficult,v4 end plan,0,0.988,0.978,0.9,0.506,0.364,0.20399999999999996,0.666,0.9640718562874252,90.0,7.0,0.0,161
H51-078,difficult,v4 end plan,1,0.944,0.984,0.88,0.46399999999999997,0.33399999999999996,0.20599999999999996,0.698,0.8145695364238411,75.0,7.0,0.0,161
H51-078,difficult,v4 end plan,2,0.994,0.976,0.862,0.29800000000000004,0.15000000000000002,0.06000000000000005,0.884,0.9482758620689655,62.0,7.0,0.0,161
H51-086,difficult,v4 end plan,0,1.0,0.884,0.492,0.04600000000000004,0.0040000000000000036,0.0,1.0,nan,29.0,5.0,0.0,161
H51-086,difficult,v4 end plan,1,1.0,0.89,0.5920000000000001,0.06399999999999995,0.0020000000000000018,0.0,1.0,nan,34.5,5.0,0.0,161
H51-086,difficult,v4 end plan,2,1.0,0.896,0.5800000000000001,0.06799999999999995,0.018000000000000016,0.0,0.996,1.0,33.0,6.0,0.0,161
H51-088,difficult,v4 end plan,0,1.0,0.952,0.724,0.09799999999999998,0.038000000000000034,0.0040000000000000036,0.97,1.0,43.0,6.0,0.0,161
H51-088,difficult,v4 end plan,1,0.998,0.974,0.9,0.53,0.35,0.13,0.7,0.9933333333333333,95.0,7.0,0.0,161
H51-088,difficult,v4 end plan,2,1.0,0.958,0.8280000000000001,0.32199999999999995,0.16200000000000003,0.018000000000000016,0.894,1.0,63.0,7.0,0.0,161
H51-090,difficult,v4 end plan,0,1.0,0.962,0.782,0.18600000000000005,0.038000000000000034,0.0020000000000000018,0.984,1.0,52.0,6.0,0.0,161
H51-090,difficult,v4 end plan,1,1.0,0.958,0.768,0.16000000000000003,0.040000000000000036,0.0020000000000000018,0.986,1.0,49.0,6.0,0.0,161
H51-090,difficult,v4 end plan,2,1.0,0.956,0.794,0.22799999999999998,0.06799999999999995,0.0,0.97,1.0,54.0,6.0,0.0,161
H51-093,difficult,v4 end plan,0,1.0,0.954,0.512,0.0,0.0,0.0,1.0,nan,30.0,5.0,0.0,161
H51-093,difficult,v4 end plan,1,1.0,0.902,0.52,0.008000000000000007,0.0,0.0,1.0,nan,30.5,5.0,0.0,161
H51-093,difficult,v4 end plan,2,1.0,0.952,0.718,0.06000000000000005,0.006000000000000005,0.0,0.998,1.0,43.0,6.0,0.0,161
H51-099,difficult,v4 end plan,0,1.0,0.852,0.5700000000000001,0.05600000000000005,0.014000000000000012,0.0020000000000000018,0.994,1.0,32.5,5.0,0.0,161
H51-099,difficult,v4 end plan,1,1.0,0.844,0.5900000000000001,0.05600000000000005,0.006000000000000005,0.0,0.998,1.0,35.0,5.0,0.0,161
H51-099,difficult,v4 end plan,2,1.0,0.876,0.544,0.03600000000000003,0.0020000000000000018,0.0,0.998,1.0,32.0,5.0,0.0,161
H51-103,difficult,v4 end plan,0,1.0,0.9339999999999999,0.6819999999999999,0.122,0.04200000000000004,0.0020000000000000018,0.978,1.0,42.0,6.0,0.0,161
H51-103,difficult,v4 end plan,1,1.0,0.914,0.6679999999999999,0.14800000000000002,0.03600000000000003,0.0,0.982,1.0,41.0,6.0,0.0,161
H51-103,difficult,v4 end plan,2,1.0,0.922,0.692,0.18600000000000005,0.06000000000000005,0.008000000000000007,0.96,1.0,43.0,6.0,0.0,161
H51-104,difficult,v4 end plan,0,1.0,0.944,0.746,0.256,0.08199999999999996,0.0040000000000000036,0.948,1.0,55.0,6.0,0.0,161
H51-104,difficult,v4 end plan,1,1.0,0.952,0.772,0.268,0.124,0.028000000000000025,0.9,1.0,56.0,6.0,0.0,161
H51-104,difficult,v4 end plan,2,1.0,0.952,0.786,0.276,0.10599999999999998,0.01200000000000001,0.922,1.0,55.0,6.0,0.0,161
H51-105,difficult,v4 end plan,0,1.0,0.8260000000000001,0.46399999999999997,0.01200000000000001,0.0,0.0,1.0,nan,28.0,5.0,0.0,161
H51-105,difficult,v4 end plan,1,1.0,0.894,0.542,0.02200000000000002,0.0,0.0,1.0,nan,31.0,5.0,0.0,161
H51-105,difficult,v4 end plan,2,1.0,0.884,0.518,0.05800000000000005,0.006000000000000005,0.0,1.0,nan,31.0,5.0,0.0,161
H51-106,difficult,v4 end plan,0,1.0,0.954,0.8260000000000001,0.41600000000000004,0.20999999999999996,0.04800000000000004,0.83,1.0,75.0,7.0,0.0,161
H51-106,difficult,v4 end plan,1,1.0,0.976,0.864,0.402,0.21199999999999997,0.030000000000000027,0.838,1.0,73.5,7.0,0.0,161
H51-106,difficult,v4 end plan,2,1.0,0.916,0.648,0.018000000000000016,0.0020000000000000018,0.0,0.998,1.0,36.0,5.0,0.0,161
H51-108,difficult,v4 end plan,0,1.0,0.612,0.17000000000000004,0.0,0.0,0.0,1.0,nan,17.0,5.0,0.0,161
H51-108,difficult,v4 end plan,1,1.0,0.52,0.124,0.0,0.0,0.0,1.0,nan,14.0,5.0,0.0,161
H51-108,difficult,v4 end plan,2,1.0,0.612,0.19599999999999995,0.0,0.0,0.0,1.0,nan,16.0,5.0,0.0,161
H51-112,difficult,v4 end plan,0,1.0,0.882,0.542,0.03400000000000003,0.014000000000000012,0.0,0.99,1.0,31.0,5.0,0.0,161
H51-112,difficult,v4 end plan,1,1.0,0.784,0.358,0.018000000000000016,0.0040000000000000036,0.0040000000000000036,0.996,1.0,23.0,5.0,0.0,161
H51-112,difficult,v4 end plan,2,0.982,0.912,0.6819999999999999,0.18799999999999994,0.14600000000000002,0.07399999999999995,0.87,0.8615384615384616,40.0,6.0,0.0,161
H51-119,difficult,v4 end plan,0,1.0,0.9339999999999999,0.596,0.02200000000000002,0.0,0.0,1.0,nan,35.0,5.0,0.0,161
H51-119,difficult,v4 end plan,1,1.0,0.908,0.6699999999999999,0.07799999999999996,0.014000000000000012,0.0,0.994,1.0,40.0,6.0,0.0,161
H51-119,difficult,v4 end plan,2,1.0,0.892,0.6599999999999999,0.016000000000000014,0.0,0.0,1.0,nan,35.0,5.0,0.0,161
H51-128,difficult,v4 end plan,0,1.0,0.834,0.43999999999999995,0.028000000000000025,0.0040000000000000036,0.0,0.996,1.0,27.0,5.0,0.0,161
H51-128,difficult,v4 end plan,1,1.0,0.712,0.252,0.0020000000000000018,0.0,0.0,1.0,nan,20.0,5.0,0.0,161
H51-128,difficult,v4 end plan,2,1.0,0.896,0.494,0.03600000000000003,0.0040000000000000036,0.0,0.998,1.0,29.0,5.0,0.0,161
H51-134,difficult,v4 end plan,0,1.0,0.966,0.852,0.30400000000000005,0.126,0.02200000000000002,0.916,1.0,62.5,7.0,0.0,161
H51-134,difficult,v4 end plan,1,1.0,0.976,0.83,0.29000000000000004,0.09799999999999998,0.01200000000000001,0.94,1.0,60.0,6.0,0.0,161
H51-134,difficult,v4 end plan,2,1.0,0.9,0.714,0.16400000000000003,0.038000000000000034,0.0020000000000000018,0.982,1.0,46.0,6.0,0.0,161
H51-143,difficult,v4 end plan,0,1.0,0.562,0.07399999999999995,0.0,0.0,0.0,1.0,nan,15.0,5.0,0.0,161
H51-143,difficult,v4 end plan,1,1.0,0.632,0.06399999999999995,0.0,0.0,0.0,1.0,nan,16.0,5.0,0.0,161
H51-143,difficult,v4 end plan,2,1.0,0.606,0.08199999999999996,0.0,0.0,0.0,1.0,nan,16.0,5.0,0.0,161
H51-144,difficult,v4 end plan,0,1.0,0.754,0.396,0.01200000000000001,0.0020000000000000018,0.0,0.998,1.0,26.0,5.0,0.0,161
H51-144,difficult,v4 end plan,1,1.0,0.782,0.31599999999999995,0.020000000000000018,0.0020000000000000018,0.0,0.998,1.0,22.0,5.0,0.0,161
H51-144,difficult,v4 end plan,2,1.0,0.83,0.502,0.030000000000000027,0.016000000000000014,0.0,0.992,1.0,30.0,5.0,0.0,161
H51-145,difficult,v4 end plan,0,1.0,0.962,0.78,0.266,0.128,0.014000000000000012,0.902,1.0,54.0,6.0,0.0,161
H51-145,difficult,v4 end plan,1,1.0,0.9299999999999999,0.6699999999999999,0.08399999999999996,0.008000000000000007,0.0,1.0,nan,40.5,6.0,0.0,161
H51-145,difficult,v4 end plan,2,1.0,0.92,0.6779999999999999,0.10799999999999998,0.028000000000000025,0.0020000000000000018,0.984,1.0,40.5,6.0,0.0,161
H51-148,difficult,v4 end plan,0,1.0,0.912,0.616,0.052000000000000046,0.008000000000000007,0.0,0.994,1.0,37.5,5.0,0.0,161
H51-148,difficult,v4 end plan,1,1.0,0.942,0.756,0.27,0.14,0.050000000000000044,0.886,1.0,52.5,6.0,0.0,161
H51-148,difficult,v4 end plan,2,0.998,0.9299999999999999,0.74,0.28600000000000003,0.17400000000000004,0.050000000000000044,0.868,0.9848484848484849,52.0,6.0,0.0,161
H51-152,difficult,v4 end plan,0,1.0,0.5700000000000001,0.118,0.0,0.0,0.0,1.0,nan,15.0,5.0,0.0,161
H51-152,difficult,v4 end plan,1,1.0,0.552,0.10599999999999998,0.0,0.0,0.0,1.0,nan,15.0,5.0,0.0,161
H51-152,difficult,v4 end plan,2,1.0,0.556,0.06399999999999995,0.0,0.0,0.0,1.0,nan,15.0,5.0,0.0,161
H51-161,difficult,v4 end plan,0,1.0,0.96,0.8,0.354,0.17400000000000004,0.040000000000000036,0.848,1.0,64.0,7.0,0.0,161
H51-161,difficult,v4 end plan,1,1.0,0.954,0.79,0.258,0.13,0.02200000000000002,0.9,1.0,53.0,6.0,0.0,161
H51-161,difficult,v4 end plan,2,1.0,0.9299999999999999,0.736,0.14400000000000002,0.038000000000000034,0.0,0.986,1.0,44.0,6.0,0.0,161
H51-163,difficult,v4 end plan,0,1.0,0.938,0.74,0.244,0.09399999999999997,0.020000000000000018,0.932,1.0,51.5,6.0,0.0,161
H51-163,difficult,v4 end plan,1,1.0,0.956,0.812,0.27,0.10599999999999998,0.016000000000000014,0.914,1.0,57.0,6.0,0.0,161
H51-163,difficult,v4 end plan,2,1.0,0.944,0.774,0.276,0.10799999999999998,0.018000000000000016,0.924,1.0,57.0,6.0,0.0,161
H51-164,difficult,v4 end plan,0,1.0,0.958,0.732,0.026000000000000023,0.0,0.0,1.0,nan,39.5,5.0,0.0,161
H51-164,difficult,v4 end plan,1,1.0,0.972,0.786,0.14400000000000002,0.03400000000000003,0.0020000000000000018,0.984,1.0,49.0,6.0,0.0,161
H51-164,difficult,v4 end plan,2,1.0,0.952,0.806,0.252,0.11199999999999999,0.028000000000000025,0.92,1.0,55.5,6.0,0.0,161
H51-171,difficult,v4 end plan,0,1.0,0.896,0.37,0.0040000000000000036,0.0,0.0,1.0,nan,25.0,5.0,0.0,161
H51-171,difficult,v4 end plan,1,1.0,0.9319999999999999,0.758,0.28200000000000003,0.10999999999999999,0.014000000000000012,0.924,1.0,56.0,6.0,0.0,161
H51-171,difficult,v4 end plan,2,1.0,0.926,0.744,0.132,0.01200000000000001,0.0020000000000000018,0.994,1.0,47.0,6.0,0.0,161
H51-172,difficult,v4 end plan,0,1.0,0.954,0.71,0.020000000000000018,0.0,0.0,1.0,nan,38.0,6.0,0.0,161
H51-172,difficult,v4 end plan,1,1.0,0.94,0.634,0.02400000000000002,0.0,0.0,1.0,nan,35.0,5.0,0.0,161
H51-172,difficult,v4 end plan,2,1.0,0.956,0.744,0.11599999999999999,0.01200000000000001,0.0,0.996,1.0,47.0,6.0,0.0,161
H51-173,difficult,v4 end plan,0,1.0,0.908,0.63,0.136,0.07999999999999996,0.01200000000000001,0.944,1.0,40.0,6.0,0.0,161
H51-173,difficult,v4 end plan,1,0.996,0.944,0.756,0.28400000000000003,0.15000000000000002,0.06000000000000005,0.87,0.9692307692307692,53.0,6.0,0.0,161
H51-173,difficult,v4 end plan,2,1.0,0.9339999999999999,0.712,0.20799999999999996,0.08599999999999997,0.020000000000000018,0.928,1.0,46.0,6.0,0.0,161
H51-176,difficult,v4 end plan,0,0.874,0.992,0.9359999999999999,0.6659999999999999,0.55,0.40800000000000003,0.474,0.7604562737642585,128.0,8.0,0.0,161
H51-176,difficult,v4 end plan,1,0.988,0.988,0.874,0.30600000000000005,0.19599999999999995,0.118,0.818,0.9340659340659341,56.5,6.0,0.0,161
H51-176,difficult,v4 end plan,2,0.712,0.978,0.918,0.644,0.5820000000000001,0.506,0.428,0.4965034965034965,89.5,8.0,0.0,161
H51-178,difficult,v4 end plan,0,1.0,0.928,0.5760000000000001,0.02400000000000002,0.0040000000000000036,0.0,0.998,1.0,34.0,5.0,0.0,161
H51-178,difficult,v4 end plan,1,1.0,0.882,0.508,0.018000000000000016,0.0020000000000000018,0.0,0.998,1.0,30.0,5.0,0.0,161
H51-178,difficult,v4 end plan,2,1.0,0.916,0.5780000000000001,0.030000000000000027,0.0020000000000000018,0.0,0.998,1.0,33.5,5.0,0.0,161
H51-179,difficult,v4 end plan,0,1.0,0.87,0.61,0.07199999999999995,0.0040000000000000036,0.0,0.996,1.0,35.0,6.0,0.0,161
H51-179,difficult,v4 end plan,1,1.0,0.848,0.554,0.03600000000000003,0.006000000000000005,0.0,1.0,nan,33.0,5.0,0.0,161
H51-179,difficult,v4 end plan,2,1.0,0.9,0.5900000000000001,0.06399999999999995,0.018000000000000016,0.0,0.992,1.0,34.0,6.0,0.0,161
H51-180,difficult,v4 end plan,0,1.0,0.45399999999999996,0.08199999999999996,0.0,0.0,0.0,1.0,nan,13.0,5.0,0.0,161
H51-180,difficult,v4 end plan,1,1.0,0.634,0.128,0.0,0.0,0.0,1.0,nan,17.0,5.0,0.0,161
H51-180,difficult,v4 end plan,2,1.0,0.42800000000000005,0.02200000000000002,0.0,0.0,0.0,1.0,nan,12.5,5.0,0.0,161
H51-181,difficult,v4 end plan,0,1.0,0.772,0.372,0.008000000000000007,0.0020000000000000018,0.0,1.0,nan,24.0,5.0,0.0,161
H51-181,difficult,v4 end plan,1,1.0,0.904,0.546,0.04400000000000004,0.01200000000000001,0.0,0.99,1.0,32.0,5.0,0.0,161
H51-181,difficult,v4 end plan,2,0.998,0.876,0.542,0.06599999999999995,0.03200000000000003,0.008000000000000007,0.984,0.875,31.0,5.0,0.0,161
H51-186,difficult,v4 end plan,0,1.0,0.812,0.476,0.038000000000000034,0.010000000000000009,0.0,0.992,1.0,28.5,5.0,0.0,161
H51-186,difficult,v4 end plan,1,1.0,0.628,0.246,0.0020000000000000018,0.0,0.0,1.0,nan,17.5,5.0,0.0,161
H51-186,difficult,v4 end plan,2,1.0,0.856,0.5900000000000001,0.050000000000000044,0.0020000000000000018,0.0,1.0,nan,34.0,5.0,0.0,161
H51-188,difficult,v4 end plan,0,1.0,0.832,0.478,0.016000000000000014,0.0020000000000000018,0.0,1.0,nan,28.0,5.0,0.0,161
H51-188,difficult,v4 end plan,1,1.0,0.768,0.42400000000000004,0.02400000000000002,0.0040000000000000036,0.0,0.996,1.0,26.0,5.0,0.0,161
H51-188,difficult,v4 end plan,2,1.0,0.8280000000000001,0.484,0.03200000000000003,0.0020000000000000018,0.0,0.998,1.0,28.0,5.0,0.0,161
H51-190,difficult,v4 end plan,0,1.0,0.88,0.546,0.028000000000000025,0.0020000000000000018,0.0,1.0,nan,32.0,5.0,0.0,161
H51-190,difficult,v4 end plan,1,1.0,0.84,0.478,0.020000000000000018,0.0,0.0,1.0,nan,28.0,5.0,0.0,161
H51-190,difficult,v4 end plan,2,1.0,0.858,0.44599999999999995,0.02200000000000002,0.0020000000000000018,0.0,0.998,1.0,28.0,5.0,0.0,161
H51-193,difficult,v4 end plan,0,0.998,0.978,0.914,0.532,0.352,0.118,0.708,0.9931506849315068,96.0,7.0,0.0,161
H51-193,difficult,v4 end plan,1,1.0,0.98,0.858,0.29600000000000004,0.15200000000000002,0.02400000000000002,0.888,1.0,63.0,6.0,0.0,161
H51-193,difficult,v4 end plan,2,1.0,0.974,0.858,0.352,0.17800000000000005,0.02200000000000002,0.87,1.0,68.5,7.0,0.0,161
H51-199,difficult,v4 end plan,0,1.0,0.5880000000000001,0.118,0.0,0.0,0.0,1.0,nan,16.0,5.0,0.0,161
H51-199,difficult,v4 end plan,1,1.0,0.692,0.14800000000000002,0.0,0.0,0.0,1.0,nan,18.0,5.0,0.0,161
H51-199,difficult,v4 end plan,2,1.0,0.544,0.118,0.0,0.0,0.0,1.0,nan,15.0,5.0,0.0,161
Lucía,difficult,v4 end plan,0,0.974,1.0,0.996,0.886,0.776,0.45199999999999996,0.264,0.9646739130434783,175.0,8.0,0.0,161
Lucía,difficult,v4 end plan,1,1.0,1.0,0.984,0.812,0.5740000000000001,0.17400000000000004,0.514,1.0,158.0,7.0,0.0,161
Lucía,difficult,v4 end plan,2,0.916,0.998,0.986,0.924,0.838,0.5720000000000001,0.19,0.8962962962962963,181.0,8.0,0.0,161
Karim,difficult,v4 end plan,0,0.626,1.0,0.998,0.962,0.946,0.836,0.064,0.6004273504273504,200.0,8.0,0.0,161
Karim,difficult,v4 end plan,1,0.602,0.998,0.996,0.972,0.946,0.836,0.066,0.5738758029978587,197.0,8.0,0.0,161
Karim,difficult,v4 end plan,2,0.746,0.996,0.994,0.928,0.874,0.704,0.136,0.7060185185185185,187.0,8.0,0.0,161
Marta,general,v4 end plan,0,1.0,0.846,0.46799999999999997,0.0020000000000000018,0.0,0.0,1.0,nan,29.0,5.0,0.0,161
Marta,general,v4 end plan,1,1.0,0.894,0.6,0.062000000000000055,0.006000000000000005,0.0,1.0,nan,35.0,5.0,0.0,161
Marta,general,v4 end plan,2,1.0,0.86,0.5660000000000001,0.016000000000000014,0.0,0.0,1.0,nan,32.0,5.0,0.0,161
Diego,general,v4 end plan,0,1.0,0.832,0.354,0.016000000000000014,0.0020000000000000018,0.0,0.998,1.0,25.0,5.0,0.0,161
Diego,general,v4 end plan,1,1.0,0.8140000000000001,0.404,0.05800000000000005,0.016000000000000014,0.0040000000000000036,0.986,1.0,24.0,5.0,0.0,161
Diego,general,v4 end plan,2,1.0,0.866,0.544,0.05600000000000005,0.010000000000000009,0.0,0.992,1.0,32.0,5.0,0.0,161
Lucía,general,v4 end plan,0,1.0,0.996,0.982,0.794,0.606,0.17000000000000004,0.502,1.0,160.0,8.0,0.0,161
Lucía,general,v4 end plan,1,0.988,1.0,0.986,0.848,0.712,0.30600000000000005,0.354,0.9814241486068112,170.0,8.0,0.0,161
Lucía,general,v4 end plan,2,1.0,0.994,0.974,0.5720000000000001,0.32599999999999996,0.020000000000000018,0.774,1.0,106.0,7.0,0.0,161
Karim,general,v4 end plan,0,0.762,0.998,0.994,0.944,0.902,0.71,0.114,0.7313769751693002,187.0,8.0,0.0,161
Karim,general,v4 end plan,1,0.874,1.0,0.998,0.924,0.872,0.632,0.152,0.8514150943396226,184.0,8.0,0.0,161
Karim,general,v4 end plan,2,0.924,1.0,0.99,0.842,0.746,0.514,0.274,0.8953168044077136,177.0,8.0,0.0,161
Ana,general,v4 end plan,0,0.962,0.994,0.974,0.8140000000000001,0.6799999999999999,0.376,0.36,0.940625,171.0,8.0,0.0,161
Ana,general,v4 end plan,1,0.99,1.0,0.966,0.708,0.538,0.236,0.524,0.9789915966386554,150.0,8.0,0.0,161
Ana,general,v4 end plan,2,0.974,0.996,0.956,0.704,0.556,0.31399999999999995,0.484,0.9496124031007752,161.0,8.0,0.0,161
P12-000,general,v4 end plan,0,1.0,0.98,0.87,0.37,0.18799999999999994,0.02200000000000002,0.89,1.0,68.5,7.0,0.0,161
P12-000,general,v4 end plan,1,0.998,0.978,0.878,0.43000000000000005,0.21799999999999997,0.05800000000000005,0.82,0.9888888888888889,82.0,7.0,0.0,161
P12-000,general,v4 end plan,2,1.0,0.982,0.794,0.28800000000000003,0.138,0.02200000000000002,0.896,1.0,57.5,6.0,0.0,161
P12-001,general,v4 end plan,0,0.498,0.992,0.98,0.902,0.878,0.808,0.128,0.4243119266055046,190.0,8.0,0.0,161
P12-001,general,v4 end plan,1,0.6,1.0,0.978,0.872,0.808,0.708,0.204,0.49748743718592964,181.0,8.0,0.0,161
P12-001,general,v4 end plan,2,0.536,0.992,0.972,0.92,0.892,0.806,0.114,0.4762979683972912,194.0,8.0,0.0,161
P12-002,general,v4 end plan,0,0.164,1.0,1.0,0.994,0.99,0.976,0.012,0.15384615384615385,202.0,7.0,0.0,161
P12-002,general,v4 end plan,1,0.198,1.0,0.996,0.986,0.984,0.95,0.018,0.18329938900203666,196.0,7.0,0.0,161
P12-002,general,v4 end plan,2,0.518,1.0,1.0,0.964,0.94,0.8160000000000001,0.066,0.48394004282655245,190.0,8.0,0.0,161
P12-003,general,v4 end plan,0,0.006,1.0,1.0,0.994,0.994,0.994,0.006,0.0,64.0,5.0,0.0,161
P12-003,general,v4 end plan,1,0.014,1.0,1.0,0.994,0.992,0.99,0.008,0.006048387096774193,95.0,6.0,0.0,161
P12-003,general,v4 end plan,2,0.026,1.0,1.0,1.0,0.998,0.996,0.002,0.02404809619238477,219.0,6.0,0.0,161
P12-004,general,v4 end plan,0,0.092,0.998,0.976,0.9339999999999999,0.928,0.928,0.072,0.021551724137931036,46.0,6.0,0.0,161
P12-004,general,v4 end plan,1,0.646,0.99,0.914,0.5860000000000001,0.538,0.486,0.466,0.33707865168539325,63.0,6.0,0.0,161
P12-004,general,v4 end plan,2,0.244,0.994,0.956,0.784,0.768,0.762,0.234,0.013054830287206266,44.0,6.0,0.0,161
P12-005,general,v4 end plan,0,1.0,0.968,0.776,0.08999999999999997,0.0,0.0,1.0,nan,44.0,6.0,0.0,161
P12-005,general,v4 end plan,1,1.0,0.95,0.696,0.014000000000000012,0.0,0.0,1.0,nan,37.0,5.0,0.0,161
P12-005,general,v4 end plan,2,1.0,0.914,0.42800000000000005,0.0,0.0,0.0,1.0,nan,27.0,5.0,0.0,161
P12-006,general,v4 end plan,0,0.992,0.98,0.912,0.526,0.36,0.15000000000000002,0.684,0.9746835443037974,95.5,7.0,0.0,161
P12-006,general,v4 end plan,1,1.0,0.972,0.852,0.33799999999999997,0.17200000000000004,0.05800000000000005,0.856,1.0,68.0,7.0,0.0,161
P12-006,general,v4 end plan,2,1.0,0.97,0.846,0.39,0.19599999999999995,0.03600000000000003,0.844,1.0,70.0,7.0,0.0,161
P12-007,general,v4 end plan,0,0.78,0.996,0.992,0.946,0.926,0.73,0.084,0.759825327510917,191.0,8.0,0.0,161
P12-007,general,v4 end plan,1,0.426,0.998,0.994,0.958,0.942,0.848,0.068,0.38412017167381973,190.0,8.0,0.0,161
P12-007,general,v4 end plan,2,0.708,1.0,0.998,0.964,0.9319999999999999,0.8140000000000001,0.078,0.6832971800433839,197.0,8.0,0.0,161
P12-008,general,v4 end plan,0,0.006,1.0,1.0,1.0,1.0,1.0,0.0,0.006,229.0,8.0,0.0,161
P12-008,general,v4 end plan,1,0.032,1.0,1.0,1.0,1.0,0.996,0.0,0.032,209.5,6.0,0.0,161
P12-008,general,v4 end plan,2,0.012,1.0,1.0,1.0,1.0,0.996,0.0,0.012,183.5,7.0,0.0,161
P12-009,general,v4 end plan,0,0.118,1.0,1.0,1.0,1.0,0.976,0.0,0.118,205.0,7.0,0.0,161
P12-009,general,v4 end plan,1,0.666,1.0,1.0,0.952,0.926,0.76,0.086,0.6345733041575492,189.0,8.0,0.0,161
P12-009,general,v4 end plan,2,0.19,1.0,1.0,0.998,0.996,0.968,0.01,0.18181818181818182,201.0,8.0,0.0,161
P12-010,general,v4 end plan,0,0.912,1.0,0.982,0.894,0.8200000000000001,0.5700000000000001,0.216,0.8877551020408163,181.0,8.0,0.0,161
P12-010,general,v4 end plan,1,0.98,0.996,0.978,0.79,0.636,0.272,0.414,0.9658703071672355,168.0,8.0,0.0,161
P12-010,general,v4 end plan,2,0.996,1.0,0.98,0.698,0.502,0.16400000000000003,0.56,0.990909090909091,139.5,8.0,0.0,161
P12-011,general,v4 end plan,0,1.0,0.904,0.62,0.05600000000000005,0.02400000000000002,0.006000000000000005,0.982,1.0,35.0,5.0,0.0,161
P12-011,general,v4 end plan,1,1.0,0.9,0.492,0.0020000000000000018,0.0,0.0,1.0,nan,29.0,5.0,0.0,161
P12-011,general,v4 end plan,2,1.0,0.96,0.73,0.09399999999999997,0.03400000000000003,0.014000000000000012,0.968,1.0,40.0,6.0,0.0,161
P12-012,general,v4 end plan,0,1.0,0.8260000000000001,0.30200000000000005,0.0,0.0,0.0,1.0,nan,24.0,5.0,0.0,161
P12-012,general,v4 end plan,1,1.0,0.862,0.402,0.0040000000000000036,0.0,0.0,1.0,nan,25.0,5.0,0.0,161
P12-012,general,v4 end plan,2,1.0,0.858,0.46399999999999997,0.0040000000000000036,0.0,0.0,1.0,nan,28.0,5.0,0.0,161
P12-013,general,v4 end plan,0,0.838,1.0,0.996,0.91,0.846,0.562,0.192,0.7995049504950495,178.0,8.0,0.0,161
P12-013,general,v4 end plan,1,0.466,1.0,1.0,0.988,0.976,0.892,0.03,0.44948453608247424,200.0,8.0,0.0,161
P12-013,general,v4 end plan,2,0.394,1.0,0.998,0.976,0.96,0.876,0.042,0.3674321503131524,194.0,8.0,0.0,161
P12-014,general,v4 end plan,0,0.932,0.998,0.978,0.838,0.75,0.43600000000000005,0.292,0.903954802259887,173.0,8.0,0.0,161
P12-014,general,v4 end plan,1,0.94,0.998,0.982,0.896,0.834,0.496,0.226,0.9224806201550387,178.0,8.0,0.0,161
P12-014,general,v4 end plan,2,0.818,0.992,0.982,0.858,0.778,0.548,0.242,0.7598944591029023,175.0,8.0,0.0,161
P12-015,general,v4 end plan,0,0.242,1.0,0.994,0.96,0.952,0.922,0.048,0.20378151260504201,192.0,7.0,0.0,161
P12-015,general,v4 end plan,1,0.456,1.0,0.998,0.958,0.94,0.86,0.072,0.41379310344827586,194.0,8.0,0.0,161
P12-015,general,v4 end plan,2,0.082,0.998,0.998,0.942,0.942,0.9359999999999999,0.058,0.025477707006369428,55.0,6.0,0.0,161
P12-016,general,v4 end plan,0,0.782,1.0,0.976,0.8140000000000001,0.748,0.53,0.272,0.7005494505494505,174.0,8.0,0.0,161
P12-016,general,v4 end plan,1,0.988,0.998,0.97,0.694,0.534,0.252,0.524,0.9747899159663865,147.0,8.0,0.0,161
P12-016,general,v4 end plan,2,0.914,0.998,0.982,0.88,0.81,0.54,0.216,0.8903061224489796,179.0,8.0,0.0,161
P12-017,general,v4 end plan,0,0.998,0.986,0.948,0.628,0.43400000000000005,0.14600000000000002,0.636,0.9945054945054945,116.0,7.0,0.0,161
P12-017,general,v4 end plan,1,1.0,0.984,0.942,0.63,0.45599999999999996,0.15000000000000002,0.624,1.0,125.0,7.0,0.0,161
P12-017,general,v4 end plan,2,0.99,0.996,0.974,0.776,0.644,0.29000000000000004,0.41,0.9830508474576272,167.0,8.0,0.0,161
P12-018,general,v4 end plan,0,0.322,0.998,0.996,0.982,0.97,0.912,0.036,0.2966804979253112,195.0,8.0,0.0,161
P12-018,general,v4 end plan,1,0.678,1.0,0.996,0.942,0.89,0.738,0.128,0.6307339449541285,188.0,8.0,0.0,161
P12-018,general,v4 end plan,2,0.222,0.996,0.996,0.982,0.978,0.946,0.026,0.20123203285420946,201.0,7.0,0.0,161
P12-019,general,v4 end plan,0,0.14,1.0,1.0,0.996,0.992,0.962,0.008,0.13306451612903225,192.5,7.0,0.0,161
P12-019,general,v4 end plan,1,0.094,1.0,1.0,0.994,0.992,0.97,0.008,0.08669354838709678,198.0,6.0,0.0,161
P12-019,general,v4 end plan,2,0.14,1.0,1.0,0.998,0.996,0.966,0.004,0.13654618473895583,195.0,7.0,0.0,161
P12-020,general,v4 end plan,0,1.0,0.94,0.65,0.018000000000000016,0.0040000000000000036,0.0,1.0,nan,36.0,5.0,0.0,161
P12-020,general,v4 end plan,1,1.0,0.9359999999999999,0.614,0.04800000000000004,0.014000000000000012,0.0040000000000000036,0.99,1.0,35.0,5.0,0.0,161
P12-020,general,v4 end plan,2,1.0,0.948,0.708,0.09199999999999997,0.018000000000000016,0.0020000000000000018,0.988,1.0,41.0,5.5,0.0,161
P12-021,general,v4 end plan,0,0.92,0.996,0.984,0.866,0.778,0.5700000000000001,0.254,0.8927613941018767,181.5,8.0,0.0,161
P12-021,general,v4 end plan,1,0.99,1.0,0.994,0.86,0.712,0.33599999999999997,0.348,0.9846625766871165,172.0,8.0,0.0,161
P12-021,general,v4 end plan,2,0.976,0.998,0.978,0.852,0.73,0.38,0.326,0.9643916913946587,172.0,8.0,0.0,161
P12-022,general,v4 end plan,0,0.398,1.0,1.0,0.992,0.98,0.886,0.026,0.38193018480492813,193.0,7.0,0.0,161
P12-022,general,v4 end plan,1,0.788,1.0,0.998,0.954,0.928,0.702,0.086,0.7680525164113785,189.0,8.0,0.0,161
P12-022,general,v4 end plan,2,0.662,1.0,0.998,0.964,0.948,0.792,0.066,0.6381156316916489,191.0,8.0,0.0,161
P12-023,general,v4 end plan,0,0.02,1.0,1.0,1.0,1.0,0.996,0.0,0.02,213.5,6.0,0.0,161
P12-023,general,v4 end plan,1,0.056,1.0,1.0,1.0,0.998,0.986,0.002,0.05410821643286573,194.0,6.0,0.0,161
P12-023,general,v4 end plan,2,0.02,1.0,1.0,1.0,1.0,0.998,0.0,0.02,202.0,6.0,0.0,161
P12-024,general,v4 end plan,0,1.0,0.9319999999999999,0.8140000000000001,0.28800000000000003,0.134,0.010000000000000009,0.908,1.0,63.0,6.0,0.0,161
P12-024,general,v4 end plan,1,1.0,0.966,0.848,0.32199999999999995,0.124,0.010000000000000009,0.938,1.0,66.0,6.0,0.0,161
P12-024,general,v4 end plan,2,1.0,0.942,0.742,0.18799999999999994,0.05600000000000005,0.0,0.97,1.0,48.0,6.0,0.0,161
P12-025,general,v4 end plan,0,0.906,1.0,0.992,0.896,0.8280000000000001,0.532,0.224,0.8788659793814433,179.0,8.0,0.0,161
P12-025,general,v4 end plan,1,0.792,1.0,0.992,0.9299999999999999,0.894,0.722,0.122,0.7630979498861048,189.0,9.0,0.0,161
P12-025,general,v4 end plan,2,0.844,0.988,0.98,0.928,0.902,0.6619999999999999,0.114,0.8239277652370203,186.0,8.0,0.0,161
P12-026,general,v4 end plan,0,0.878,0.998,0.986,0.894,0.8200000000000001,0.552,0.22,0.8435897435897436,178.0,8.0,0.0,161
P12-026,general,v4 end plan,1,0.644,0.998,0.994,0.97,0.9339999999999999,0.782,0.072,0.6163793103448276,191.0,8.0,0.0,161
P12-026,general,v4 end plan,2,0.722,1.0,0.994,0.918,0.85,0.612,0.184,0.6593137254901961,177.0,8.0,0.0,161
P12-027,general,v4 end plan,0,0.678,0.996,0.982,0.85,0.808,0.632,0.214,0.5903307888040712,177.0,8.0,0.0,161
P12-027,general,v4 end plan,1,0.624,0.998,0.992,0.94,0.914,0.78,0.096,0.584070796460177,189.0,8.0,0.0,161
P12-027,general,v4 end plan,2,0.93,0.998,0.996,0.874,0.776,0.44199999999999995,0.272,0.9038461538461539,174.0,8.0,0.0,161
P12-028,general,v4 end plan,0,0.904,0.994,0.974,0.91,0.8240000000000001,0.52,0.222,0.8766066838046273,177.0,8.0,0.0,161
P12-028,general,v4 end plan,1,0.796,1.0,0.998,0.952,0.902,0.6739999999999999,0.126,0.7665903890160183,185.0,8.0,0.0,161
P12-028,general,v4 end plan,2,0.776,1.0,0.998,0.9359999999999999,0.886,0.6779999999999999,0.136,0.7407407407407407,185.0,8.0,0.0,161
P12-029,general,v4 end plan,0,0.71,1.0,0.998,0.954,0.928,0.732,0.094,0.6799116997792495,188.0,8.0,0.0,161
P12-029,general,v4 end plan,1,0.562,1.0,1.0,0.988,0.98,0.836,0.03,0.5484536082474227,194.0,8.0,0.0,161
P12-029,general,v4 end plan,2,0.712,1.0,1.0,0.986,0.956,0.768,0.066,0.6916488222698073,188.0,8.0,0.0,161
P12-030,general,v4 end plan,0,0.128,1.0,1.0,1.0,0.996,0.972,0.006,0.1227364185110664,203.5,7.0,0.0,161
P12-030,general,v4 end plan,1,0.154,1.0,1.0,0.998,0.996,0.964,0.004,0.15060240963855423,194.0,7.0,0.0,161
P12-030,general,v4 end plan,2,0.084,1.0,1.0,1.0,1.0,0.99,0.0,0.084,210.0,7.0,0.0,161
P12-031,general,v4 end plan,0,1.0,0.838,0.404,0.016000000000000014,0.0020000000000000018,0.0,1.0,nan,26.0,5.0,0.0,161
P12-031,general,v4 end plan,1,1.0,0.8,0.394,0.008000000000000007,0.0,0.0,1.0,nan,25.0,5.0,0.0,161
P12-031,general,v4 end plan,2,1.0,0.834,0.492,0.030000000000000027,0.0020000000000000018,0.0,1.0,nan,29.0,5.0,0.0,161
P12-032,general,v4 end plan,0,1.0,0.782,0.42800000000000005,0.014000000000000012,0.0,0.0,1.0,nan,27.0,5.0,0.0,161
P12-032,general,v4 end plan,1,1.0,0.844,0.512,0.016000000000000014,0.0040000000000000036,0.0,0.998,1.0,31.0,5.0,0.0,161
P12-032,general,v4 end plan,2,1.0,0.806,0.44999999999999996,0.014000000000000012,0.0,0.0,1.0,nan,27.0,5.0,0.0,161
P12-033,general,v4 end plan,0,0.088,1.0,1.0,0.996,0.994,0.97,0.006,0.08249496981891348,195.0,7.0,0.0,161
P12-033,general,v4 end plan,1,0.33,1.0,1.0,0.974,0.956,0.894,0.046,0.2976939203354298,193.0,8.0,0.0,161
P12-033,general,v4 end plan,2,0.374,1.0,0.998,0.98,0.958,0.878,0.052,0.339662447257384,190.0,8.0,0.0,161
P12-034,general,v4 end plan,0,0.236,1.0,1.0,0.998,0.994,0.946,0.008,0.22983870967741934,201.5,7.0,0.0,161
P12-034,general,v4 end plan,1,0.096,1.0,1.0,0.998,0.998,0.978,0.002,0.09418837675350701,201.5,7.0,0.0,161
P12-034,general,v4 end plan,2,0.208,1.0,1.0,0.994,0.992,0.97,0.01,0.2,207.0,7.0,0.0,161
P12-035,general,v4 end plan,0,1.0,0.988,0.9299999999999999,0.622,0.44599999999999995,0.15600000000000003,0.612,1.0,122.0,7.0,0.0,161
P12-035,general,v4 end plan,1,1.0,0.95,0.624,0.0020000000000000018,0.0,0.0,1.0,nan,36.0,5.0,0.0,161
P12-035,general,v4 end plan,2,0.988,0.99,0.946,0.6839999999999999,0.538,0.262,0.506,0.9757085020242915,151.0,8.0,0.0,161
P12-036,general,v4 end plan,0,0.216,1.0,1.0,0.996,0.992,0.958,0.014,0.20486815415821502,208.5,7.0,0.0,161
P12-036,general,v4 end plan,1,0.074,1.0,1.0,1.0,0.998,0.988,0.002,0.07214428857715431,212.0,6.0,0.0,161
P12-036,general,v4 end plan,2,0.21,1.0,1.0,0.996,0.994,0.944,0.008,0.20362903225806453,195.0,7.0,0.0,161
P12-037,general,v4 end plan,0,1.0,0.9359999999999999,0.646,0.07799999999999996,0.02200000000000002,0.006000000000000005,0.984,1.0,38.0,6.0,0.0,161
P12-037,general,v4 end plan,1,0.994,0.926,0.694,0.136,0.06999999999999995,0.03400000000000003,0.936,0.90625,41.0,6.0,0.0,161
P12-037,general,v4 end plan,2,1.0,0.942,0.71,0.08199999999999996,0.028000000000000025,0.010000000000000009,0.98,1.0,41.0,6.0,0.0,161
P12-038,general,v4 end plan,0,0.328,1.0,0.998,0.988,0.978,0.908,0.032,0.30578512396694213,203.5,8.0,0.0,161
P12-038,general,v4 end plan,1,0.408,1.0,1.0,0.992,0.986,0.918,0.018,0.3971486761710794,199.0,7.0,0.0,161
P12-038,general,v4 end plan,2,0.62,1.0,1.0,0.974,0.9359999999999999,0.758,0.074,0.5896328293736501,188.0,8.0,0.0,161
P12-039,general,v4 end plan,0,0.99,0.982,0.902,0.546,0.382,0.16400000000000003,0.656,0.9709302325581395,98.0,7.0,0.0,161
P12-039,general,v4 end plan,1,0.984,0.992,0.9339999999999999,0.624,0.494,0.19399999999999995,0.556,0.963963963963964,136.5,8.0,0.0,161
P12-039,general,v4 end plan,2,1.0,0.97,0.856,0.43799999999999994,0.25,0.06599999999999995,0.806,1.0,81.0,7.0,0.0,161
P12-040,general,v4 end plan,0,0.11,1.0,1.0,0.994,0.992,0.978,0.008,0.1028225806451613,202.0,7.0,0.0,161
P12-040,general,v4 end plan,1,0.112,1.0,1.0,0.996,0.99,0.972,0.012,0.10121457489878542,213.5,6.5,0.0,161
P12-040,general,v4 end plan,2,0.302,1.0,1.0,0.996,0.99,0.948,0.012,0.2935222672064777,203.0,8.0,0.0,161
P12-041,general,v4 end plan,0,0.896,1.0,0.994,0.938,0.874,0.61,0.15,0.8776470588235294,182.0,8.0,0.0,161
P12-041,general,v4 end plan,1,0.958,0.998,0.996,0.92,0.8240000000000001,0.486,0.23,0.9454545454545454,178.0,8.0,0.0,161
P12-041,general,v4 end plan,2,0.992,1.0,0.994,0.846,0.702,0.256,0.382,0.9870550161812298,169.0,8.0,0.0,161
P12-042,general,v4 end plan,0,0.002,1.0,1.0,1.0,1.0,0.998,0.0,0.002,177.0,5.0,0.0,161
P12-042,general,v4 end plan,1,0.0,1.0,1.0,1.0,1.0,1.0,0.0,0.0,nan,nan,0.0,161
P12-042,general,v4 end plan,2,0.002,1.0,1.0,1.0,1.0,0.998,0.0,0.002,171.0,5.0,0.0,161
P12-043,general,v4 end plan,0,1.0,0.94,0.6679999999999999,0.08799999999999997,0.018000000000000016,0.0,0.992,1.0,40.0,6.0,0.0,161
P12-043,general,v4 end plan,1,1.0,0.9299999999999999,0.706,0.06999999999999995,0.016000000000000014,0.006000000000000005,0.986,1.0,42.0,6.0,0.0,161
P12-043,general,v4 end plan,2,1.0,0.9299999999999999,0.724,0.08599999999999997,0.010000000000000009,0.0,0.996,1.0,42.0,6.0,0.0,161
P12-044,general,v4 end plan,0,0.28,1.0,1.0,0.99,0.978,0.926,0.024,0.26229508196721313,198.5,7.0,0.0,161
P12-044,general,v4 end plan,1,0.682,1.0,0.994,0.978,0.946,0.77,0.064,0.6602564102564102,190.0,8.0,0.0,161
P12-044,general,v4 end plan,2,0.658,1.0,0.996,0.976,0.948,0.79,0.064,0.6346153846153846,195.0,8.0,0.0,161
P12-045,general,v4 end plan,0,0.968,0.986,0.944,0.71,0.5880000000000001,0.31799999999999995,0.46,0.9407407407407408,166.0,8.0,0.0,161
P12-045,general,v4 end plan,1,0.998,0.992,0.964,0.6759999999999999,0.488,0.21399999999999997,0.566,0.9953917050691244,129.0,8.0,0.0,161
P12-045,general,v4 end plan,2,1.0,0.978,0.88,0.42600000000000005,0.24,0.04400000000000004,0.82,1.0,75.5,7.0,0.0,161
P12-046,general,v4 end plan,0,1.0,0.6739999999999999,0.17400000000000004,0.0,0.0,0.0,1.0,nan,18.0,5.0,0.0,161
P12-046,general,v4 end plan,1,1.0,0.6659999999999999,0.09799999999999998,0.0,0.0,0.0,1.0,nan,17.0,5.0,0.0,161
P12-046,general,v4 end plan,2,1.0,0.69,0.19799999999999995,0.0,0.0,0.0,1.0,nan,19.0,5.0,0.0,161
P12-047,general,v4 end plan,0,1.0,0.53,0.132,0.0020000000000000018,0.0,0.0,1.0,nan,14.5,5.0,0.0,161
P12-047,general,v4 end plan,1,1.0,0.624,0.17400000000000004,0.0,0.0,0.0,1.0,nan,17.0,5.0,0.0,161
P12-047,general,v4 end plan,2,1.0,0.43200000000000005,0.09999999999999998,0.0,0.0,0.0,1.0,nan,12.0,5.0,0.0,161
P12-048,general,v4 end plan,0,1.0,0.984,0.87,0.362,0.19999999999999996,0.04200000000000004,0.846,1.0,66.0,7.0,0.0,161
P12-048,general,v4 end plan,1,1.0,0.978,0.912,0.6,0.41600000000000004,0.16800000000000004,0.64,1.0,115.0,7.0,0.0,161
P12-048,general,v4 end plan,2,1.0,0.98,0.912,0.49,0.28,0.07799999999999996,0.774,1.0,89.0,7.0,0.0,161
P12-049,general,v4 end plan,0,0.99,0.996,0.984,0.698,0.562,0.238,0.5,0.98,159.0,8.0,0.0,161
P12-049,general,v4 end plan,1,0.834,1.0,0.994,0.946,0.9,0.71,0.12,0.8113636363636364,190.0,8.0,0.0,161
P12-049,general,v4 end plan,2,0.94,0.992,0.984,0.862,0.772,0.45399999999999996,0.276,0.9171270718232044,174.0,8.0,0.0,161
P12-050,general,v4 end plan,0,0.026,1.0,0.998,0.998,0.998,0.998,0.002,0.02404809619238477,205.0,7.0,0.0,161
P12-050,general,v4 end plan,1,0.02,1.0,1.0,1.0,1.0,0.998,0.0,0.02,216.0,7.0,0.0,161
P12-050,general,v4 end plan,2,0.048,1.0,1.0,1.0,1.0,0.994,0.0,0.048,203.0,7.0,0.0,161
P12-051,general,v4 end plan,0,0.93,0.996,0.964,0.6779999999999999,0.548,0.35,0.47,0.8679245283018868,151.0,7.0,0.0,161
P12-051,general,v4 end plan,1,0.396,0.998,0.99,0.928,0.908,0.836,0.102,0.3273942093541203,189.0,8.0,0.0,161
P12-051,general,v4 end plan,2,0.288,0.994,0.958,0.8140000000000001,0.776,0.75,0.226,0.08010335917312661,64.5,6.0,0.0,161
P12-052,general,v4 end plan,0,0.954,1.0,0.95,0.5920000000000001,0.41400000000000003,0.26,0.622,0.8783068783068783,108.0,7.0,0.0,161
P12-052,general,v4 end plan,1,0.682,0.994,0.972,0.87,0.806,0.6819999999999999,0.204,0.6005025125628141,181.0,8.0,0.0,161
P12-052,general,v4 end plan,2,0.77,0.998,0.974,0.886,0.832,0.648,0.188,0.7167487684729064,182.0,8.0,0.0,161
P12-053,general,v4 end plan,0,1.0,0.888,0.5760000000000001,0.04400000000000004,0.008000000000000007,0.0,0.996,1.0,33.0,5.0,0.0,161
P12-053,general,v4 end plan,1,1.0,0.83,0.508,0.02400000000000002,0.0040000000000000036,0.0,1.0,nan,30.0,5.0,0.0,161
P12-053,general,v4 end plan,2,1.0,0.85,0.486,0.02200000000000002,0.0020000000000000018,0.0,1.0,nan,29.0,5.0,0.0,161
P12-054,general,v4 end plan,0,1.0,0.894,0.522,0.040000000000000036,0.0040000000000000036,0.0,0.998,1.0,30.0,5.0,0.0,161
P12-054,general,v4 end plan,1,1.0,0.782,0.36,0.0040000000000000036,0.0,0.0,1.0,nan,25.0,5.0,0.0,161
P12-054,general,v4 end plan,2,1.0,0.8,0.29800000000000004,0.0,0.0,0.0,1.0,nan,23.0,5.0,0.0,161
P12-055,general,v4 end plan,0,0.02,1.0,1.0,0.998,0.996,0.994,0.004,0.01606425702811245,189.5,6.0,0.0,161
P12-055,general,v4 end plan,1,0.226,1.0,0.998,0.97,0.958,0.926,0.044,0.1903765690376569,193.0,8.0,0.0,161
P12-055,general,v4 end plan,2,0.072,1.0,1.0,0.994,0.994,0.982,0.006,0.06639839034205232,194.0,7.0,0.0,161
P12-056,general,v4 end plan,0,1.0,0.98,0.916,0.44599999999999995,0.272,0.07799999999999996,0.78,1.0,79.5,7.0,0.0,161
P12-056,general,v4 end plan,1,1.0,0.976,0.8160000000000001,0.256,0.08599999999999997,0.008000000000000007,0.944,1.0,55.0,6.0,0.0,161
P12-056,general,v4 end plan,2,0.998,0.99,0.922,0.604,0.394,0.15600000000000003,0.652,0.9942528735632183,112.0,8.0,0.0,161
P12-057,general,v4 end plan,0,1.0,0.836,0.496,0.040000000000000036,0.006000000000000005,0.0,0.998,1.0,29.0,5.0,0.0,161
P12-057,general,v4 end plan,1,1.0,0.8180000000000001,0.46399999999999997,0.014000000000000012,0.0,0.0,1.0,nan,28.0,5.0,0.0,161
P12-057,general,v4 end plan,2,1.0,0.84,0.52,0.04200000000000004,0.006000000000000005,0.0,1.0,nan,30.0,5.0,0.0,161
P12-058,general,v4 end plan,0,0.972,0.982,0.86,0.42800000000000005,0.31399999999999995,0.17200000000000004,0.722,0.8992805755395683,72.0,7.0,0.0,161
P12-058,general,v4 end plan,1,0.964,0.966,0.8240000000000001,0.372,0.27,0.18200000000000005,0.742,0.8604651162790697,58.0,7.0,0.0,161
P12-058,general,v4 end plan,2,0.966,0.976,0.802,0.268,0.18600000000000005,0.11399999999999999,0.826,0.8045977011494253,51.0,6.0,0.0,161
P12-059,general,v4 end plan,0,1.0,0.956,0.854,0.32199999999999995,0.132,0.018000000000000016,0.908,1.0,61.0,6.0,0.0,161
P12-059,general,v4 end plan,1,1.0,0.972,0.84,0.39,0.19199999999999995,0.04800000000000004,0.846,1.0,71.5,7.0,0.0,161
P12-059,general,v4 end plan,2,1.0,0.972,0.868,0.41400000000000003,0.25,0.062000000000000055,0.786,1.0,73.5,7.0,0.0,161
